Name,Platform,Genre,Publisher,NA_Sales,EU_Sales,JP_Sales,Other_Sales,Global_Sales,Release_Date
God of War (2018),All,Action,Sony Interactive Entertainment,,,,,,2018-04-20
God of War (2018),PS4,Action,Sony Interactive Entertainment,,,,,,2018-04-20
Dead Cells,All,Action,Motion Twin,,,,,,2018-08-07
Monster Hunter: World,PS4,Action,Capcom,,,,,,2018-01-26
Far Cry 5,PS4,Action,Ubisoft,1.44,1.73,0.15,0.62,3.95,2018-03-27
Naruto to Boruto: Shinobi Striker,All,Action,Bandai Namco Entertainment,,,,,,2018-08-31
Naruto to Boruto: Shinobi Striker,PS4,Action,Bandai Namco Games,,,,,,2018-08-31
Warhammer: Vermintide 2,All,Action,Fatshark,,,,,,2018-03-08
Far Cry 5,XOne,Action,Ubisoft,1.14,0.47,,0.17,1.78,2018-03-27
Bayonetta,NS,Action,Nintendo,,,,,,2018-02-16
Bayonetta 2,NS,Action,Nintendo,,,,,,2018-02-16
Naruto to Boruto: Shinobi Striker,XOne,Action,Bandai Namco Games,,,,,,2018-08-31
Warriors Orochi 4,All,Action,Koei Tecmo,,,,,,2018-10-16
Monster Hunter: World,XOne,Action,Capcom,0.67,0.17,,0.09,0.93,2018-01-26
Dynasty Warriors 9,All,Action,Koei Tecmo,,,,,,2018-02-13
Monster Hunter Generations Ultimate,NS,Action,Capcom,0.27,0.14,0.27,0.04,0.72,2018-08-28
Diablo III: Eternal Collection,NS,Action,Blizzard Entertainment,0.38,0.22,0.01,0.06,0.67,2018-11-02
LEGO The Incredibles,NS,Action,Warner Bros. Interactive Entertainment,0.35,0.21,0.01,0.06,0.63,2018-06-15
LEGO The Incredibles,PS4,Action,Warner Bros. Interactive Entertainment,0.18,0.27,,0.09,0.53,2018-06-15
Attack on Titan 2,All,Action,Koei Tecmo,,,,,,2018-03-20
A Way Out,PS4,Action,Electronic Arts,0.23,0.16,,0.08,0.48,2018-03-23
Hyrule Warriors: Definitive Edition,NS,Action,Nintendo,0.21,0.15,0.07,0.03,0.46,2018-05-18
Dynasty Warriors 9,PS4,Action,Tecmo Koei,0.1,0.06,0.17,0.03,0.37,2018-02-13
Yakuza: Kiwami 2,PS4,Action,Sega,0.08,0.06,0.19,0.03,0.37,2018-08-28
Fist of The North Star: Lost Paradise,PS4,Action,Sega,0.09,0.05,0.18,0.03,0.36,2018-10-02
Nintendo Labo: Toy-Con 02 Robot Kit,NS,Action,Nintendo,0.18,0.08,0.08,0.03,0.36,2018-04-20
Hello Neighbor,PS4,Action,Gearbox Software,0.13,0.16,,0.06,0.35,2018-07-27
LEGO Harry Potter Collection,NS,Action,Warner Bros. Interactive Entertainment,0.15,0.16,,0.03,0.33,2018-10-30
LEGO The Incredibles,XOne,Action,Warner Bros. Interactive Entertainment,0.19,0.1,,0.03,0.32,2018-06-15
Warriors  Orochi 4,NS,Action,Koei Tecmo,,,,,,2018-10-16
Darksiders III,PS4,Action,THQ Nordic,0.13,0.07,,0.04,0.25,2018-11-27
Hello Neighbor,NS,Action,Gearbox Software,0.12,0.1,,0.02,0.24,2018-07-27
A Way Out,XOne,Action,Electronic Arts,0.17,0.05,,0.02,0.24,2018-03-23
Attack on Titan 2,NS,Action,Koei Tecmo,0.12,0.02,0.08,0.02,0.23,2018-03-20
Metal Gear Survive,PS4,Action,Konami Digital Entertainment,0.08,0.06,0.05,0.03,0.23,2018-02-20
Attack on Titan 2,PS4,Action,Koei Tecmo,0.09,0.04,0.06,0.03,0.22,2018-03-20
LEGO Harry Potter Collection,XOne,Action,Warner Bros. Interactive Entertainment,0.14,0.06,,0.02,0.22,2018-10-30
Warriors  Orochi 4,PS4,Action,Koei Tecmo,0.05,,0.16,0.01,0.22,2018-10-16
Devil May Cry HD Collection,PS4,Action,Capcom,0.1,0.06,0.02,0.03,0.21,2018-03-13
Agony,PC,Action,PlayWay,,,,,,2018-05-29
Katamari Damacy Reroll,NS,Action,Bandai Namco Entertainment,0.14,,0.02,0.02,0.17,2018-12-07
We Happy Few,PC,Action,Gearbox Software,,,,,,2018-08-10
"Warhammer 40,000: Inquisitor - Martyr",PC,Action,NeocoreGames,,,,,,2018-06-05
The Mercury Man,PC,Action,Mehsoft,,,,,,2018-05-20
New Gundam Breaker,PS4,Action,Namco Bandai Games,0.03,,0.1,0.01,0.13,2018-06-22
Dungreed,PC,Action,TEAM HORAY,,,,,,2018-02-15
The Inpatient,PS4,Action,Sony Interactive Entertainment,0.06,0.05,,0.02,0.13,2018-01-23
Darksiders III,XOne,Action,THQ Nordic,0.11,,,0.01,0.12,2018-11-27
Out of Reach,PC,Action,Space Boat Studios,,,,,,2018-07-13
Dead Cells,NS,Action,Merge Games,0.08,0.02,,0.01,0.11,2018-08-15
Attack on Titan 2,XOne,Action,Koei Tecmo,0.08,,,0.01,0.09,2018-03-20
Dynasty Warriors 9,XOne,Action,Tecmo Koei,0.06,0.01,,0.01,0.08,2018-02-13
Metal Gear Survive,XOne,Action,Konami Digital Entertainment,0.05,0.01,,0.01,0.08,2018-02-20
Far Cry 5,PC,Action,Ubisoft,,0.07,,0,0.07,2018-02-27
Girls und Panzer: Dream Tank Match,PS4,Action,Bandai Namco Games,,,0.06,,0.06,2018-02-22
Fate/Extella Link,PSV,Action,Marvelous,,,0.06,,0.06,2018-06-07
Extinction,PS4,Action,Maximum Games,0.05,,,0.01,0.06,2018-04-10
Gintama Ranbu,PS4,Action,Bandai Namco Games,,,0.06,,0.06,2018-01-18
One Piece: Pirate Warriors 3 - Deluxe Edition,NS,Action,Bandai Namco Entertainment,,0.01,0.05,0,0.06,2018-05-11
Extinction,XOne,Action,Maximum Games,0.04,,,0.01,0.05,2018-04-10
Apex Construct,PS4,Action,Perp Games,0.04,,,0.01,0.05,2018-08-28
The Escapists 2,NS,Action,Sold Out,0.04,,,0,0.05,2018-10-30
Dead Cells,PS4,Action,Merge Games,0.04,,,0.01,0.05,2018-08-15
Devil May Cry HD Collection,XOne,Action,Capcom,0.04,,,0,0.04,2018-03-13
Dark Souls Trilogy,XOne,Action,Namco Bandai,0.04,,,0,0.04,2018-10-19
Okami HD,NS,Action,Capcom,,,0.04,,0.04,2018-08-09
Gintama Ranbu,PSV,Action,Namco Bandai Games,,,0.04,,0.04,2018-01-18
Warriors  Orochi 4,XOne,Action,Koei Tecmo,0.03,,,0,0.04,2018-10-16
Attack on Titan 2,PSV,Action,Koei Tecmo,,,0.03,,0.03,2018-03-15
Code of  Princess EX,NS,Action,Nicalis,0.02,,0.01,0,0.03,2018-07-31
Cyber Troopers: Virtual On x Toaru Majutsu no Index: Toaru Majutsu no Dennou Senki,PS4,Action,Sega,,,0.03,,0.03,2018-02-15
Labyrinth of Refrain: Coven of Dusk,PS4,Action,NIS America,0.01,,0.01,0,0.03,2018-09-18
Utawarerumono Zan,PS4,Action,Aquaplus,,,0.03,,0.03,2018-09-27
The Lost Child,PS4,Action,NIS America,0.01,,0.01,0,0.03,2018-06-19
The Longest 5 Minutes,NS,Action,NIS America,0.03,,,0,0.03,2018-02-13
Yonder: The Cloud Catcher Chronicles,NS,Action,Merge Games,0.02,0,,0,0.03,2018-06-12
Doraemon: Nobita no Takarajima,3DS,Action,FuRyu Corporation,,,0.03,,0.03,2018-03-01
Past Cure,PS4,Action,Phantom 8 Studio,0.02,,,0,0.03,2018-02-23
The Longest 5 Minutes,PSV,Action,NIS America,,,0.02,,0.02,2018-02-13
Bullet Girls: Phantasia,PS4,Action,Experience Inc.,,,0.02,,0.02,2018-08-09
"Warhammer 40,000: Deathwatch",PS4,Action,Hoplite Research,0.02,,,0,0.02,2018-08-14
Super Run For Money Tousouchuu & Sentouchuu,NS,Action,Bandai Namco Games,,,0.02,,0.02,2018-11-29
"Warhammer 40,000: Inquisitor - Martyr",PS4,Action,Neocore Games,0.02,,,0,0.02,2018-08-28
Titan Quest,XOne,Action,THQ Nordic,0.02,,,0,0.02,2018-03-20
Titan Quest,PS4,Action,THQ Nordic,0.02,,,0,0.02,2018-03-20
Psychedelica of the Black Butterfly,PSV,Action,Aksys Games,,,0.02,,0.02,2018-03-27
Cyber Troopers: Virtual On x Toaru Majutsu no Index: Toaru Majutsu no Dennou Senki,PSV,Action,Sega,,,0.02,,0.02,2018-02-15
Shaq-Fu: A Legend Reborn,PS4,Action,Wired Productions,0.02,,,0,0.02,2018-06-05
Shaq-Fu: A Legend Reborn,NS,Action,Wired Productions,0.02,,,0,0.02,2018-06-05
Past Cure,XOne,Action,Phantom 8 Studio,0.02,,,0,0.02,2018-02-23
Shaq-Fu: A Legend Reborn,XOne,Action,Wired Productions,0.02,,,0,0.02,2018-06-05
"Warhammer 40,000: Inquisitor - Martyr",XOne,Action,Neocore Games,0.02,,,0,0.02,2018-08-28
Yoku's Island Express,XOne,Action,Villa Gorilla,0.01,,,0,0.02,2018-06-19
Bullet Girls: Phantasia,PSV,Action,D3 Publisher,,,0.01,,0.01,2018-08-09
Yoku's Island Express,PS4,Action,Villa Gorilla,0.01,,,0,0.01,2018-06-19
Titan Quest,NS,Action,THQ Nordic,0.01,,,0,0.01,2018-07-31
Nari Kids Park: Hugtto! PreCure,NS,Action,Bandai Namco Games,,,0.01,,0.01,2018-11-21
CharadeManiacs,PSV,Action,Idea Factory,,,0.01,,0.01,2018-08-09
Yoku's Island Express,NS,Action,Villa Gorilla,0.01,,,0,0.01,2018-06-19
Ketsui Deathtiny: Kizuna Jigoku Tachi,PS4,Action,M2,,,0.01,,0.01,2018-11-29
Darksiders III,PC,Action,THQ Nordic,,0.01,,0,0.01,2018-11-27
Nari Kids Park: Ultraman R/B,NS,Action,Bandai Namco Games,,,0,,0,2018-11-21
Shin Megami Tensei IV Double Hero Pack,3DS,Action,Atlus,,,0,,0,2018-04-19
Dillon's Dead-Heat Breakers,3DS,Action,Nintendo,,,0,,0,2018-04-26
Nari Kids Park: Kaitou Sentai Lupinranger Vs. Keisatsu Sentai Patoranger,NS,Action,Bandai Namco Games,,,0,,0,2018-11-21
A Way Out,PC,Action,Electronic Arts,,,,,,2018-03-23
Dead Island 2,XOne,Action,Deep Silver,,,,,,2018-01-01
Dead Island 2,PC,Action,Deep Silver,,,,,,2018-12-01
Extinction,PC,Action,Maximum Games,,,,,,2018-04-10
Fe,XOne,Action,Electronic Arts,,,,,,2018-02-16
Fe,PS4,Action,Electronic Arts,,,,,,2018-02-16
Fe,PC,Action,Electronic Arts,,,,,,2018-02-16
Monster Hunter: World,PC,Action,Capcom,,,,,,2018-08-09
Naruto to Boruto: Shinobi Striker,PC,Action,Namco Bandai Games,,,,,,2018-08-31
Wulverblade,XOne,Action,Darkwind Media,,,,,,2018-01-31
Wulverblade,PC,Action,Darkwind Media,,,,,,2018-01-30
10 Second Run RETURNS,NS,Action,Blue Print,,,,,,2018-01-25
99Vidas - Definitive Edition,NS,Action,Unknown,,,,,,2018-11-27
ACA NEOGEO AERO FIGHTERS 3,NS,Action,Hamster Corporation,,,,,,2018-03-15
ACA NEOGEO GHOST PILOTS,NS,Action,Hamster Corporation,,,,,,2018-04-26
ACA NEOGEO GHOST PILOTS,PS4,Action,Hamster Corporation,,,,,,2018-06-08
ACA NEOGEO GHOST PILOTS,XOne,Action,Hamster Corporation,,,,,,2018-04-26
ACA NEOGEO KING OF THE MONSTERS,NS,Action,Hamster Corporation,,,,,,2018-01-04
ACA NEOGEO METAL SLUG 3,PS4,Action,Hamster Corporation,,,,,,2018-02-26
ACA NEOGEO NINJA COMBAT,NS,Action,Hamster Corporation,,,,,,2018-05-31
ACA NEOGEO NINJA COMBAT,PS4,Action,Hamster Corporation,,,,,,2018-06-08
ACA NEOGEO NINJA COMBAT,XOne,Action,Hamster Corporation,,,,,,2018-05-31
ACA NEOGEO PREHISTORIC ISLE 2,NS,Action,Hamster Corporation,,,,,,2018-08-02
ACA NEOGEO PREHISTORIC ISLE 2,XOne,Action,Hamster Corporation,,,,,,2018-08-02
ACA NEOGEO SENGOKU 2,NS,Action,Hamster Corporation,,,,,,2018-03-01
ACA NEOGEO SENGOKU 3,NS,Action,Hamster Corporation,,,,,,2018-03-29
ACA NEOGEO SENGOKU 3,XOne,Action,Hamster Corporation,,,,,,2018-03-29
ACA NEOGEO SENGOKU 3,PS4,Action,Hamster Corporation,,,,,,2018-06-13
ACA NEOGEO SHOCK TROOPERS,XOne,Action,Hamster Corporation,,,,,,2018-01-25
ACA NEOGEO SHOCK TROOPERS,PS4,Action,Hamster Corporation,,,,,,2018-01-25
ACA NEOGEO SHOCK TROOPERS 2nd Squad,XOne,Action,Hamster Corporation,,,,,,2018-03-01
ACA NEOGEO SHOCK TROOPERS 2nd Squad,PS4,Action,Hamster Corporation,,,,,,2018-06-06
ACA NEOGEO THE SUPER SPY,NS,Action,Hamster Corporation,,,,,,2018-07-12
ACA NEOGEO THE SUPER SPY,XOne,Action,Hamster Corporation,,,,,,2018-07-12
ACA NEOGEO TOP HUNTER RODDY & CATHY,PS4,Action,Hamster Corporation,,,,,,2018-01-08
Ace of Seafood,NS,Action,AGM Playism,,,,,,2018-02-22
Aegis Defenders,NS,Action,Humble Bundle,,,,,,2018-02-08
Apex Construct,PC,Action,Fast Travel Games,,,,,,2018-03-20
AQUA KITTY UDX,NS,Action,Tikipod,,,,,,2018-02-15
Arcade Archives: Kid Niki Radical Ninja,NS,Action,Hamster Corporation,,,,,,2018-01-25
Arcade Archives: Moon Patrol,NS,Action,Hamster Corporation,,,,,,2018-03-22
Arcade Archives: Star Force,NS,Action,Hamster Corporation,,,,,,2018-03-01
ATOMIK: RunGunJumpGun,NS,Action,Gambitious,,,,,,2018-02-08
Attack on Titan 2 - A.O.T.2 - ??????,PC,Action,Koei Tecmo,,,,,,2018-03-15
Bad North,NS,Action,Raw Fury,,,,,,2018-08-20
Biohazard 7: Resident Evil - Cloud Version,NS,Action,Capcom,,,,,,2018-05-24
Black Hole,NS,Action,Dufgames,,,,,,2018-02-06
Bleed 2,PS4,Action,Digerati,,,,,,2018-02-06
Bleed 2,NS,Action,Digerati,,,,,,2018-03-08
Bomb Chicken,NS,Action,Nitrome,,,,,,2018-07-01
Bombslinger,NS,Action,Plug In Digital,,,,,,2018-04-11
Bombslinger,PC,Action,Plug In Digital,,,,,,2018-04-11
Broforce,NS,Action,Devolver Digital,,,,,,2018-09-06
Dandara,NS,Action,Raw Fury,,,,,,2018-02-06
Danmaku Unlimited 3,NS,Action,Doragon Entertainment,,,,,,2018-03-13
Dead Cells,XOne,Action,Merge Games,,,,,,2018-08-15
Dustoff Heli Rescue 2,NS,Action,Rainy Frog,,,,,,2018-01-25
Dynasty Warriors 9,PC,Action,Tecmo Koei,,,,,,2018-02-13
Earth Wars,NS,Action,One or Eight Inc.,,,,,,2018-01-25
Fat Dragons,WiiU,Action,Undefined,,,,,,2018-02-22
Furi,NS,Action,The Game Bakers,,,,,,2018-01-11
Gal*Gunvolt Burst,PS4,Action,Inti Creates,,,,,,2018-03-15
Garage,NS,Action,TinyBuild Games,,,,,,2018-05-01
Gekido Kintaro's Revenge,NS,Action,Naps Team,,,,,,2018-03-22
"Guns, Gore & Cannoli 2",PC,Action,Crazy Monkey,,,,,,2018-03-02
Huntdown,NS,Action,Coffee Stain Studios,,,,,,2018-01-01
IMAGEFIGHT,WiiU,Action,Konami,,,,,,2018-02-08
IMAGEFIGHT 2,WiiU,Action,Konami,,,,,,2018-02-08
Johnny Turbo's Arcade: Bad Dudes,NS,Action,FTE Games,,,,,,2018-03-29
Johnny Turbo's Arcade: Gate of Doom,NS,Action,FTE Games,,,,,,2018-02-15
Johnny Turbo's Arcade: Wizard Fire,NS,Action,Unknown,,,,,,2018-06-21
Katamari Damacy Reroll,PC,Action,Bandai Namco Entertainment,,,,,,2018-12-07
LEGO The Incredibles,PC,Action,Warner Bros. Interactive Entertainment,,,,,,2018-06-15
Light Fingers,NS,Action,Numizmatic,,,,,,2018-09-20
Little Triangle,NS,Action,KONANDENKI,,,,,,2018-03-01
Mark of the Ninja: Remastered,NS,Action,Klei Entertainment,,,,,,2018-10-09
Mercenary Kings Reloaded,NS,Action,Tribute Games,,,,,,2018-02-06
Metal Gear Survive,PC,Action,Konami Digital Entertainment,,,,,,2018-02-20
Mugsters,NS,Action,Team 17,,,,,,2018-07-18
Neonwall,NS,Action,JanduSoft S.L.,,,,,,2018-03-15
Next Up Hero,NS,Action,"Aspyr Media, Inc.",,,,,,2018-04-01
Next Up Hero,XOne,Action,Aspyr,,,,,,2018-06-28
Next Up Hero,PS4,Action,Aspyr,,,,,,2018-06-28
Next Up Hero,PC,Action,Aspyr,,,,,,2018-06-28
Nidhogg 2,XOne,Action,Messhof,,,,,,2018-07-18
Nightmare Boy,NS,Action,Badland Games,,,,,,2018-01-16
Ninjin: Clash of Carrots,NS,Action,Modus Games,,,,,,2018-09-04
Ninjin: Clash of Carrots,PS4,Action,Modus Games,,,,,,2018-09-04
Ninjin: Clash of Carrots,XOne,Action,Modus Games,,,,,,2018-09-04
Ninjin: Clash of Carrots,PC,Action,Modus Games,,,,,,2018-09-04
NO THING,NS,Action,Forever Entertainment S.A.,,,,,,2018-03-22
Octogeddon,PC,Action,All Yes Good,,,,,,2018-02-08
Omensight,PS4,Action,SpearHead Games,,,,,,2018-05-15
Onimusha Warlords,XOne,Action,Capcom,,,,,,2018-01-15
Onimusha Warlords,PS4,Action,Capcom,,,,,,2018-01-15
Outlast II,NS,Action,Red Barrels,,,,,,2018-03-27
Pac-Man: Championship Edition 2 Plus,NS,Action,Bandai Namco Entertainment,,,,,,2018-02-22
Paper Wars: Cannon Fodder Devastated,NS,Action,iFun4all,,,,,,2018-03-01
Past Cure,PC,Action,Phantom 8 Studio,,,,,,2018-02-23
Pizza Titan Ultra,PS4,Action,Breakfall,,,,,,2018-08-21
Roller Coaster Tycoon Joyride,PS4,Action,Atari,,,,,,2018-12-13
Samurai Aces,NS,Action,Zerodiv,,,,,,2018-02-15
Senran Kagura: Peach Beach Splash,PC,Action,Xseed Games,,,,,,2018-03-07
Shadow Archery,WiiU,Action,Ultra Dolphin Revolution,,,,,,2018-04-12
Shantae and the Pirate's Curse,NS,Action,WayForward,,,,,,2018-03-20
SOL DIVIDE: Sword of Darkness,NS,Action,Zerodiv,,,,,,2018-03-22
Space Dave,NS,Action,Choice Provisions,,,,,,2018-01-25
Spacecats with Lasers,NS,Action,Bitten Toast Games,,,,,,2018-02-22
Spellcaster's Assistant,WiiU,Action,Ultra Dolphin Revolution,,,,,,2018-03-29
Spot The Difference: Ultimate Edition,NS,Action,Sabec Limited,,,,,,2018-02-26
Streets of Red: Devil's Dare Deluxe,NS,Action,Secret Base,,,,,,2018-04-12
Strikers 1945 II,NS,Action,Zerodiv,,,,,,2018-01-25
Sunset Overdrive,PC,Action,Microsoft Studios,,,,,,2018-11-16
Super Daryl Deluxe,NS,Action,Dan & Gary Games,,,,,,2018-04-10
Tachyon Project,NS,Action,Eclipse Games,,,,,,2018-01-25
TENGAI,NS,Action,Zerodiv,,,,,,2018-03-29
Tesla vs Lovecraft,NS,Action,10tons,,,,,,2018-03-16
The Final Station,NS,Action,TinyBuild Games,,,,,,2018-02-23
The Longest 5 Minutes,PC,Action,NIS America,,,,,,2018-02-13
TorqueL: Physics Modified Edition,NS,Action,Active Gaming Media,,,,,,2018-02-15
TowerFall,NS,Action,Matt Makes Games Inc.,,,,,,2018-09-27
Trine Enchanted Edition,NS,Action,Frozenbyte,,,,,,2018-11-09
UBERMOSH:SANTICIDE,PC,Action,Walter Machado,,,,,,2018-07-27
World of Warriors,PS4,Action,Sony Interactive Entertainment,,,,,,2018-03-21
Wrecked,PC,Action,Corvostudio di Amadei Marco,,,,,,2018-04-01
ZERO GUNNER 2,NS,Action,Zerodiv,,,,,,2018-01-25
Detroit: Become Human,All,Adventure,Sony Interactive Entertainment,,,,,,2018-05-25
Detroit: Become Human,PS4,Adventure,Sony Interactive Entertainment,,,,,,2018-05-25
Subnautica,All,Adventure,Unknown Worlds Entertainment,,,,,,2018-01-23
Subnautica,Series,Adventure,Unknown Worlds Entertainment,,,,,,2018-01-23
Subnautica,PC,Adventure,Unknown Worlds Entertainment,,,,,,2018-01-23
GRIS,All,Adventure,Devolver Digital,,,,,,2018-12-13
Yakuza 6: The Song of Life,PS4,Adventure,Sega,,,,,,2018-04-17
Luigi's Mansion,3DS,Adventure,Nintendo,0.19,0.16,0.09,0.03,0.47,2018-10-12
Detective Pikachu,3DS,Adventure,Nintendo,0.15,0.17,0.12,0.03,0.47,2018-03-23
Life Is Strange: Before the Storm,PS4,Adventure,Square Enix,0.11,0.06,0.02,0.03,0.22,2018-03-06
Goosebumps: The Game,NS,Adventure,GameMill Entertainment,0.09,0.02,,0.01,0.13,2018-10-09
Subnautica,PS4,Adventure,Gearbox Software,0.07,0.03,,0.02,0.12,2018-12-04
Salt,PC,Adventure,Lavaboots Studios,,,,,,2018-02-06
Déraciné,PS4,Adventure,Sony Interactive Entertainment,0.07,,0.01,0.02,0.1,2018-11-06
Life Is Strange: Before the Storm,XOne,Adventure,Square Enix,0.07,0,,0.01,0.09,2018-03-06
Subnautica,XOne,Adventure,Gearbox Software,0.06,,,0.01,0.07,2018-12-04
Hello Neighbor: Hide & Seek,NS,Adventure,Gearbox Software,0.06,,,0.01,0.07,2018-12-07
Home Sweet Home (2017),PS4,Adventure,Mastiff,0.05,,,0.01,0.07,2018-10-16
Hello Neighbor: Hide & Seek,PS4,Adventure,Gearbox Software,0.05,,,0.01,0.07,2018-12-07
Hello Neighbor: Hide & Seek,XOne,Adventure,Gearbox Software,0.06,,,0.01,0.07,2018-12-07
The Invisible Hours,XOne,Adventure,Tequila Works,0.05,,,0.01,0.05,2018-04-24
Scribblenauts Mega Pack,NS,Adventure,Warner Bros. Interactive Entertainment,0.05,,,0.01,0.05,2018-09-18
Senran Kagura Reflexions,NS,Adventure,Xseed Games,,,,,,2018-09-13
Don't Starve,PS4,Adventure,Klei Entertainment,0.04,,,0.01,0.05,2018-04-17
ARK Park,PS4,Adventure,Snail Games USA,0.04,,,0.01,0.05,2018-10-30
Jake Hunter Detective Story: Ghost of the Dusk,3DS,Adventure,Aksys Games,0.03,,0.01,0,0.05,2018-09-28
Cat Quest,NS,Adventure,PQube,0.04,,,0,0.04,2018-10-09
Adventure Time: Pirates of the Enchiridion,XOne,Adventure,Outright Games,0.04,,,0,0.04,2018-07-17
Scribblenauts Mega Pack,XOne,Adventure,Warner Bros. Interactive Entertainment,0.04,,,0,0.04,2018-09-18
Don't Starve: Giant Edition,XOne,Adventure,505 Games,0.04,,,0,0.04,2018-04-17
Scribblenauts Mega Pack,PS4,Adventure,Warner Bros. Interactive Entertainment,0.03,,,0.01,0.04,2018-09-18
Punch Line,PS4,Adventure,PQube,0.03,,,0.01,0.04,2018-10-09
The Raven Remastered,PS4,Adventure,THQ Nordic,0.03,,,0.01,0.03,2018-03-13
Don't Knock Twice,PS4,Adventure,Perpetual,0.02,,,0.01,0.03,2018-02-27
Adventure Time: Pirates of the Enchiridion,NS,Adventure,Outright Games,0.01,0.02,,0,0.03,2018-07-17
The Town of Light,NS,Adventure,Wired Productions,0.02,,,0,0.03,2018-01-01
The Raven Remastered,XOne,Adventure,THQ Nordic,0.02,,,0,0.03,2018-03-13
Death Mark,NS,Adventure,Aksys Games,0.02,,0,0,0.03,2018-10-31
7'scarlet,PSV,Adventure,Aksys Games,,,0.02,,0.02,2018-05-25
Code: Realize - Shukufuku no Mirai,PSV,Adventure,Aksys Games,,,0.02,,0.02,2018-03-30
Adventure Time: Pirates of the Enchiridion,PS4,Adventure,Outright Games,0.01,,,0,0.02,2018-07-17
Minecraft: Story Mode - Season Two,NS,Adventure,Telltale Games,0.02,,,0,0.02,2018-11-06
Flipping Death,NS,Adventure,Rising Star,0.01,,,0,0.01,2018-10-16
Jake Hunter Detective Story: Prism of Eyes,PS4,Adventure,Arc System Works,,,0.01,,0.01,2018-08-09
Jake Hunter Detective Story: Prism of Eyes,NS,Adventure,Arc System Works,,,0.01,,0.01,2018-08-09
Fortissimo,PSV,Adventure,Otomate Idea Factory,,,0.01,,0.01,2018-03-08
NG,PSV,Adventure,Experience Inc.,,,0.01,,0.01,2018-09-13
Wand of Fortune R2 FD: Kimi ni Sasageru Epilogue,PSV,Adventure,Idea Factory,,,0.01,,0.01,2018-10-04
Kurenai no Homura: Sanada Ninpou Chou,PSV,Adventure,Idea Factory,,,0.01,,0.01,2018-06-26
Leisure Suit Larry: Wet Dreams Don't Dry,PC,Adventure,Assemble Entertainment,,0.01,,0,0.01,2018-11-07
Dynamic Chord feat. Apple-Polisher: V Edition,PSV,Adventure,honeybee,,,0.01,,0.01,2018-06-28
Beniiro Tenjou Ayakashi Kitan Futaai,PSV,Adventure,Dramatic Create,,,0,,0,2018-11-29
Ninki Seiyuu no Tsukurikata,PSV,Adventure,Entergram,,,0,,0,2018-01-25
Ephemeral: Fantasy on Dark,PSV,Adventure,Dramatic Create,,,0,,0,2018-01-18
Island,PS4,Adventure,Prototype,,,0,,0,2018-06-28
Tonari ni Kanojo no Iru Shiawase: Winter Guest,PS4,Adventure,Entergram,,,0,,0,2018-06-28
Aquatic Tales,DS,Adventure,Unknown,,,,,,2018-12-30
Donut County,OSX,Adventure,Annapurna Interactive,,,,,,2018-08-28
Donut County,And,Adventure,Annapurna Interactive,,,,,,2018-08-28
Donut County,PC,Adventure,Annapurna Interactive,,,,,,2018-08-28
The Infectious Madness of Doctor Dekker,PC,Adventure,D'Avekki Studios Limited,,,,,,2018-05-19
The Infectious Madness of Doctor Dekker,XOne,Adventure,Wales Interactive Ltd.,,,,,,2018-06-05
The Infectious Madness of Doctor Dekker,PS4,Adventure,Wales Interactive Ltd.,,,,,,2018-06-05
The Infectious Madness of Doctor Dekker,NS,Adventure,Wales Interactive Ltd.,,,,,,2018-06-05
11-11 Memories Retold,PC,Adventure,Bandai Namco Entertainment,,,,,,2018-11-08
2064: Read Only Memories INTEGRAL,NS,Adventure,MidBoss,,,,,,2018-07-26
39 Days to Mars,PC,Adventure,It's Anecdotal,,,,,,2018-04-25
A Hole New World,NS,Adventure,Dolores Entertainment SL,,,,,,2018-03-01
ABZU,NS,Adventure,505 Games,,,,,,2018-11-29
AeternoBlade,NS,Adventure,"Corecell Technology Co.,Ltd.",,,,,,2018-02-01
Angels of Death,NS,Adventure,Active Gaming Media,,,,,,2018-06-28
Antventor,PC,Adventure,LoopyMood,,,,,,2018-05-17
ARK Park,PC,Adventure,Snail Games USA,,,,,,2018-03-22
Broken Sword 5: The Serpent's Curse,NS,Adventure,Revolution Software,,,,,,2018-09-21
DELTARUNE,PC,Adventure,Toby Fox,,,,,,2018-10-31
Detective Pikachu,Series,Adventure,Nintendo,,,,,,2018-03-23
Detention,NS,Adventure,Coconut Island Games,,,,,,2018-03-01
Donut County,PS4,Adventure,Annapurna Interactive,,,,,,2018-08-28
DragoDino,NS,Adventure,Plug In Digital,,,,,,2018-04-27
Draw a Stickman: EPIC 2,NS,Adventure,Hitcents,,,,,,2018-01-11
Escape Trick: 35 Fateful Enigmas,NS,Adventure,D3 Publisher,,,,,,2018-02-15
FAR: Lone Sails,PC,Adventure,Mixtvision,,,,,,2018-05-17
FAR: Lone Sails,OSX,Adventure,Mixtvision,,,,,,2018-05-17
Fe,NS,Adventure,EA Originals,,,,,,2018-02-16
Firewatch,NS,Adventure,Campo Santo,,,,,,2018-12-17
GRIS,NS,Adventure,Devolver Digital,,,,,,2018-12-13
Heartbound,PC,Adventure,Pirate Software,,,,,,2018-12-25
Her Majesty's SPIFFING,NS,Adventure,Billy Goat Entertainment,,,,,,2018-02-01
Hollow,NS,Adventure,Forever Entertainment S.A.,,,,,,2018-02-22
Home Sweet Home (2017),XOne,Adventure,Mastiff,,,,,,2018-10-16
Infliction,PC,Adventure,Caustic Reality,,,,,,2018-10-18
InnerSpace,PS4,Adventure,Aspyr,,,,,,2018-01-16
InnerSpace,NS,Adventure,"Aspyr Media, Inc.",,,,,,2018-01-16
InnerSpace,PC,Adventure,Aspyr,,,,,,2018-01-16
InnerSpace,XOne,Adventure,Aspyr,,,,,,2018-01-16
INSIDE,NS,Adventure,Playdead,,,,,,2018-06-28
Jurassic World:  Blue,OR,Adventure,Felix & Paul Studios,,,,,,2018-05-01
Kona,NS,Adventure,Koch Media,,,,,,2018-03-09
Last Day of June,NS,Adventure,505 Games,,,,,,2018-03-16
Layers of Fear: Legacy,NS,Adventure,Bloober Team S.A.,,,,,,2018-02-21
Life is Strange 2,PS4,Adventure,Square Enix,,,,,,2018-09-27
Life is Strange 2,XOne,Adventure,Square Enix,,,,,,2018-09-27
Life is Strange 2,PC,Adventure,Square Enix,,,,,,2018-09-26
Lost Lands: Ice Spell,PC,Adventure,FIVE-BN GAMES,,,,,,2018-07-16
Lost Lands: Mistakes of the Past,PC,Adventure,FIVE-BN GAMES,,,,,,2018-12-13
Marie's Room,PC,Adventure,like Charlie,,,,,,2018-04-13
Minit,PS4,Adventure,Devolver Digital,,,,,,2018-04-03
Moss,PS4,Adventure,Perp Games,,,,,,2018-06-12
My Memory of Us,PC,Adventure,IMGN PRO,,,,,,2018-10-09
My Memory of Us,XOne,Adventure,IMGN PRO,,,,,,2018-10-10
My Memory of Us,PS4,Adventure,IMGN PRO,,,,,,2018-10-09
N.E.R.O.: Nothing Ever Remains Obscure,PS4,Adventure,Soedesco,,,,,,2018-10-26
Night In The Woods,NS,Adventure,Finji,,,,,,2018-02-01
One Eyed Kutkh,NS,Adventure,Sometimes You,,,,,,2018-03-09
OPUS: Rocket of Whispers,NS,Adventure,Flyhigh Works,,,,,,2018-03-22
Outlast: Bundle of Terror,NS,Adventure,Red Barrels,,,,,,2018-02-27
Pode,NS,Adventure,Henchman & Goon,,,,,,2018-05-01
Pokémon Quest,NS,Adventure,Nintendo,,,,,,2018-05-29
Pool Panic,NS,Adventure,Adult Swim,,,,,,2018-12-01
Project Lux,PC,Adventure,Sekai Project,,,,,,2018-02-02
Quarantine Circular,NS,Adventure,Mike Bithell Games,,,,,,2018-12-08
Radiation Island,NS,Adventure,Atypical Games,,,,,,2018-02-22
Reverie,PSV,Adventure,Rainbite,,,,,,2018-03-29
Rush: A Disney Pixar Adventure,PC,Adventure,THQ Nordic,,,,,,2018-09-14
Rusty Lake Paradise,PC,Adventure,Rusty Lake,,,,,,2018-01-11
Superbrothers: Sword & Sworcery EP,NS,Adventure,Capybara Games,,,,,,2018-10-30
Syberia 3,NS,Adventure,Anuman,,,,,,2018-01-01
The Adventures of Bertram Fiddle: Episode 1 - A Dreadly Business,NS,Adventure,Chorus Worldwide Games,,,,,,2018-03-29
The Awesome Adventures of Captain Spirit,PC,Adventure,DONTNOD Entertainment,,,,,,2018-06-26
The Awesome Adventures of Captain Spirit,PS4,Adventure,DONTNOD Entertainment,,,,,,2018-06-26
The Awesome Adventures of Captain Spirit,XOne,Adventure,DONTNOD Entertainment,,,,,,2018-06-26
The Bunker,NS,Adventure,Wales Interactive Ltd.,,,,,,2018-04-09
The Charming Empire,NS,Adventure,D3Publisher,,,,,,2018-03-29
The Council,PC,Adventure,Focus Home Interactive,,,,,,2018-03-13
The Lion's Song,NS,Adventure,Mipumi Games GmbH,,,,,,2018-07-10
The Long Reach,NS,Adventure,Merge Games,,,,,,2018-03-14
The Men of Yoshiwara: Kikuya,NS,Adventure,D3Publisher,,,,,,2018-02-01
The Men of Yoshiwara: Ohgiya,NS,Adventure,D3 Publisher,,,,,,2018-03-08
The Raven Remastered,PC,Adventure,THQ Nordic,,,,,,2018-03-13
The Vanishing of Ethan Carter,XOne,Adventure,The Astronauts,,,,,,2018-01-19
The Walking Dead - A Telltale Series - The Final Season,NS,Adventure,Telltale Games,,,,,,2018-08-13
The Way Remastered,NS,Adventure,SONKA,,,,,,2018-04-20
Transference,PC,Adventure,Ubisoft,,,,,,2018-09-18
Unavowed,PC,Adventure,Wadjet Eye Games,,,,,,2018-01-01
Valiant Hearts: The Great War,NS,Adventure,Ubisoft,,,,,,2018-11-18
Wandersong,NS,Adventure,Humble Bundle,,,,,,2018-09-27
We Were Here Too,PC,Adventure,Total Mayhem Games,,,,,,2018-02-02
West of Loathing,NS,Adventure,Asymmetric,,,,,,2018-05-31
Red Dead Redemption 2,All,Action-Adventure,Rockstar Games,,,,,,2018-10-26
Marvel's Spider-Man,Series,Action-Adventure,Sony Interactive Entertainment,,,,,,2018-09-07
Marvel's Spider-Man,PS4,Action-Adventure,Sony Interactive Entertainment,,,,,,2018-09-07
Red Dead Redemption 2,PS4,Action-Adventure,Rockstar Games,5.26,6.21,0.21,2.26,13.94,2018-10-26
Rust,All,Action-Adventure,Facepunch Studios,,,,,,2018-02-08
Assassin's Creed Odyssey,All,Action-Adventure,Ubisoft,,,,,,2018-10-05
Rust,PC,Action-Adventure,Facepunch Studios,,,,,,2018-02-08
DayZ,All,Action-Adventure,Bohemia Interactive,,,,,,2018-12-13
Red Dead Redemption 2,XOne,Action-Adventure,Rockstar Games,3.76,1.47,,0.54,5.77,2018-10-26
Sea of Thieves,PC,Action-Adventure,Microsoft Studios,,,,,,2018-03-20
Sea of Thieves,All,Action-Adventure,Xbox Game Studios,,,,,,2018-03-20
Shadow of the Tomb Raider,All,Action-Adventure,Square Enix,,,,,,2018-09-14
A Way Out,Series,Action-Adventure,Electronic Arts,,,,,,2018-03-23
A Way Out,All,Action-Adventure,Electronic Arts,,,,,,2018-03-23
Assassin's Creed Odyssey,PS4,Action-Adventure,Ubisoft,1.18,1.4,0.09,0.51,3.18,2018-10-05
Shadow of the Tomb Raider,PS4,Action-Adventure,Square Enix,0.59,0.82,0.06,0.27,1.74,2018-09-14
Assassin's Creed Odyssey,XOne,Action-Adventure,Ubisoft,0.91,0.35,,0.13,1.39,2018-10-05
Shadow of the Colossus,PS4,Action-Adventure,Sony Interactive Entertainment,0.44,0.52,0.05,0.19,1.2,2018-02-06
Conan Exiles,PC,Action-Adventure,Maximum Games,,,,,,2018-05-08
Sea of Thieves,XOne,Action-Adventure,Microsoft Studios,0.6,0.27,,0.09,0.96,2018-03-20
Shadow of the Tomb Raider,XOne,Action-Adventure,Square Enix,0.46,0.25,,0.07,0.78,2018-09-14
Starlink: Battle for Atlas,NS,Action-Adventure,Ubisoft,0.35,0.17,,0.05,0.57,2018-10-16
Just Cause 4,PS4,Action-Adventure,Square Enix,0.18,0.26,0.03,0.09,0.56,2018-12-04
Hitman 2,PS4,Action-Adventure,Warner Bros. Interactive Entertainment,0.19,0.22,0.02,0.08,0.51,2018-11-13
Wizard of Legend,All,Action-Adventure,Humble Bundle,,,,,,2018-05-15
State of Decay 2,XOne,Action-Adventure,Microsoft Studios,0.27,0.14,,0.04,0.46,2018-05-22
LEGO DC Super-Villains,PS4,Action-Adventure,Warner Bros. Interactive Entertainment,0.22,0.17,,0.08,0.46,2018-10-16
LEGO DC Super-Villains,NS,Action-Adventure,Warner Bros. Interactive Entertainment,0.28,0.12,,0.04,0.44,2018-10-16
Agony,Series,Action-Adventure,PlayWay,,,,,,2018-05-29
Agony,All,Action-Adventure,PlayWay,,,,,,2018-05-29
LEGO DC Super-Villains,XOne,Action-Adventure,Warner Bros. Interactive Entertainment,0.2,0.07,,0.03,0.3,2018-10-16
Just Cause 4,XOne,Action-Adventure,Square Enix,0.17,0.09,,0.03,0.29,2018-12-04
Shenmue I & II,PS4,Action-Adventure,Sega,0.09,0.1,0.05,0.04,0.27,2018-08-21
Hollow Knight,NS,Action-Adventure,Team Cherry,,,,,,2018-06-12
No Man's Sky,XOne,Action-Adventure,505 Games,0.17,0.04,,0.02,0.23,2018-07-24
Hitman 2,XOne,Action-Adventure,Warner Bros. Interactive Entertainment,0.14,0.06,,0.02,0.22,2018-11-13
Conan Exiles,PS4,Action-Adventure,Maximum Games,0.05,0.05,0.09,0.02,0.21,2018-05-08
Assassin's Creed Rogue Remastered,PS4,Action-Adventure,Ubisoft,,0.13,0.01,0.02,0.15,2018-03-20
We Happy Few,PS4,Action-Adventure,Gearbox Software,0.08,0.04,,0.02,0.14,2018-08-10
Heroes of Hammerwatch,PC,Action-Adventure,Crackshell,,,,,,2018-03-01
Starlink: Battle for Atlas,PS4,Action-Adventure,Ubisoft,0.08,,,0.02,0.1,2018-10-16
Starlink: Battle for Atlas,XOne,Action-Adventure,Ubisoft,0.09,,,0.01,0.1,2018-10-16
Hellblade: Senua's Sacrifice,XOne,Action-Adventure,Microsoft Studios,,,,,,2018-12-04
We Happy Few,XOne,Action-Adventure,Gearbox Software,0.07,0.01,,0.01,0.09,2018-08-10
ARK: Survival Evolved,NS,Action-Adventure,Studio Wildcard,0.07,,,0.01,0.08,2018-11-30
Shenmue I & II,XOne,Action-Adventure,Sega,0.05,0.01,,0.01,0.07,2018-08-21
Asterix and Obelix XXL2,NS,Action-Adventure,Microids,,0.06,,0,0.06,2018-11-29
Conan Exiles,XOne,Action-Adventure,Maximum Games,0.05,0.01,,0.01,0.06,2018-05-08
Assassin's Creed Odyssey,PC,Action-Adventure,Ubisoft,,0.06,,0,0.06,2018-10-05
Yakuza 3,PS4,Action-Adventure,Sega,,,0.05,,0.05,2018-08-09
Hellblade: Senua's Sacrifice,PS4,Action-Adventure,505 Games,0.03,0.01,,0.01,0.05,2018-12-04
Yomawari: The Long Night Collection,NS,Action-Adventure,NIS America,0.04,,0.01,0,0.05,2018-10-30
Hotel Transylvania 3: Monsters Overboard,XOne,Action-Adventure,Outright Games,0.04,,,0,0.04,2018-07-10
Earthfall,PS4,Action-Adventure,Gearbox Software,0.03,,,0.01,0.04,2018-07-13
Asterix and Obelix XXL2,PS4,Action-Adventure,Microids,,0.03,,0.01,0.04,2018-11-29
Hotel Transylvania 3: Monsters Overboard,PS4,Action-Adventure,Outright Games,0.03,,,0.01,0.04,2018-07-10
Assassin's Creed Rogue Remastered,XOne,Action-Adventure,Ubisoft,,0.03,,0,0.04,2018-03-20
Monster Boy and the Cursed Kingdom,NS,Action-Adventure,FDG Entertainment,0.03,,,0,0.04,2018-11-06
The Persistence,PS4,Action-Adventure,Sony Interactive Entertainment,,0.03,,0.01,0.04,2018-07-24
Earthfall,XOne,Action-Adventure,Gearbox Software,0.03,,,0,0.03,2018-07-13
Override: Mech City Brawl,PS4,Action-Adventure,Modus Games,0.02,,,0.01,0.03,2018-12-04
Beast Quest,PS4,Action-Adventure,Maximum Games,0.02,,,0.01,0.03,2018-03-13
Record of Grancrest War,PS4,Action-Adventure,Bandai Namco Games,,,0.03,,0.03,2018-06-14
Beast Quest,XOne,Action-Adventure,Maximum Games,0.02,,,0,0.03,2018-03-13
Agony,PS4,Action-Adventure,Maximum Games,0.02,,,0,0.03,2018-05-29
Agony,XOne,Action-Adventure,Maximum Games,0.02,,,0,0.02,2018-05-29
Override: Mech City Brawl,XOne,Action-Adventure,Modus Games,0.02,,,0,0.02,2018-12-04
Border Break,PS4,Action-Adventure,Sega,,,0.02,,0.02,2018-08-02
Max: The Curse of Brotherhood,NS,Action-Adventure,Wired Productions,0.01,,,0,0.01,2018-04-24
Far Cry 3: Classic Edition,PS4,Action-Adventure,Ubisoft,,,0.01,,0.01,2018-07-05
Hotel Transylvania 3: Monsters Overboard,NS,Action-Adventure,Outright Games,0.01,,,0,0.01,2018-07-10
Legend of Kay Anniversary,NS,Action-Adventure,THQ Nordic,,0.01,,0,0.01,2018-05-29
Below,XOne,Action-Adventure,Capybara Games,,,,,,2018-12-14
Below,PC,Action-Adventure,Capybara Games,,,,,,2018-12-14
Rust,OSX,Action-Adventure,Facepunch Studios,,,,,,2018-02-08
World to the West,WiiU,Action-Adventure,Rain Games,,,,,,2018-12-31
Anodyne,XOne,Action-Adventure,Analgesic Productions,,,,,,2018-09-21
Anodyne,PS4,Action-Adventure,Analgesic Productions,,,,,,2018-09-18
Ashen (2018),PC,Action-Adventure,Annapurna Interactive,,,,,,2018-12-07
Ashen (2018),XOne,Action-Adventure,Annapurna Interactive,,,,,,2018-12-07
Assassin's Creed Odyssey: Cloud Version,NS,Action-Adventure,Ubisoft,,,,,,2018-10-05
Asterix and Obelix XXL2,XOne,Action-Adventure,Microids,,,,,,2018-11-29
Asterix and Obelix XXL2,PC,Action-Adventure,Microids,,,,,,2018-11-29
AWAY: Journey to the Unexpected,NS,Action-Adventure,PLAYDIUS,,,,,,2018-12-30
Battle Princess Madelyn,NS,Action-Adventure,Casual Bit Games,,,,,,2018-12-19
Crossing Souls,PS4,Action-Adventure,Devolver Digital,,,,,,2018-02-13
Disneyland Adventures,PC,Action-Adventure,THQ Nordic,,,,,,2018-09-14
Downward Spiral: Horus Station,PS4,Action-Adventure,3rd Eye Studios,,,,,,2018-09-18
Downward Spiral: Horus Station,PC,Action-Adventure,3rd Eye Studios,,,,,,2018-05-31
Earthfall,PC,Action-Adventure,Gearbox Software,,,,,,2018-07-13
Figment,NS,Action-Adventure,Bedtime Digital Games,,,,,,2018-06-28
Forgotton Anne,PS4,Action-Adventure,Square Enix,,,,,,2018-05-15
Hitman 2,PC,Action-Adventure,Warner Bros. Interactive Entertainment,,,,,,2018-11-13
Hollow Knight,PS4,Action-Adventure,Team Cherry,,,,,,2018-09-25
Iconoclasts,PC,Action-Adventure,Bifrost Entertainment,,,,,,2018-01-23
Iconoclasts,PS4,Action-Adventure,Bifrost Entertainment,,,,,,2018-01-23
Iconoclasts,PSV,Action-Adventure,Bifrost Entertainment,,,,,,2018-01-23
Just Cause 4,PC,Action-Adventure,Square Enix,,,,,,2018-12-04
Mulaka,NS,Action-Adventure,Lienzo,,,,,,2018-03-01
Override: Mech City Brawl,PC,Action-Adventure,Modus Games,,,,,,2018-12-04
ReCore: Definitive Edition,PC,Action-Adventure,Microsoft Studios,,,,,,2018-09-14
Rust,Linux,Action-Adventure,Facepunch Studios,,,,,,2018-02-08
Shadow of the Tomb Raider,PC,Action-Adventure,Square Enix,,,,,,2018-09-14
Shenmue I & II,PC,Action-Adventure,Sega,,,,,,2018-08-21
State of Decay 2,PC,Action-Adventure,Microsoft Studios,,,,,,2018-05-22
State of Decay 2,All,Action-Adventure,Xbox Game Studios,,,,,,2018-05-22
The Aquatic Adventure of the Last Human,XOne,Action-Adventure,Digerati,,,,,,2018-01-19
The Aquatic Adventure of the Last Human,PS4,Action-Adventure,Digerati,,,,,,2018-01-23
The Fall Part 2: Unbound,NS,Action-Adventure,Over The Moon,,,,,,2018-02-13
The friends of Ringo Ishikawa,PC,Action-Adventure,yeo,,,,,,2018-05-17
Transistor,NS,Action-Adventure,Supergiant Games,,,,,,2018-11-01
World to the West,NS,Action-Adventure,Rain Games,,,,,,2018-01-18
Billion Road,NS,Board+Game,Bandai Namco Games,,,0.01,,0.01,2018-11-29
Carcassonne,NS,Board+Game,Asmodee Digital,,,,,,2018-12-06
Fable Fortune,PC,Board+Game,Mediatonic,,,,,,2018-02-22
Fable Fortune,XOne,Board+Game,Mediatonic,,,,,,2018-02-22
Poisoft Thud Card,NS,Board+Game,Poisoft,,,,,,2018-03-01
Super Smash Bros. Ultimate,NS,Fighting,Nintendo,,,,,,2018-12-07
Dragon Ball FighterZ,All,Fighting,Bandai Namco Entertainment,,,,,,2018-01-26
Dragon Ball FighterZ,PS4,Fighting,Namco Bandai Games,,,,,,2018-01-26
Naruto Shippuden: Ultimate Ninja Storm Trilogy,All,Fighting,Bandai Namco Entertainment,,,,,,2018-04-26
Street Fighter 30th Anniversary Collection,All,Fighting,Capcom,,,,,,2018-05-29
Dragon Ball FighterZ,NS,Fighting,Bandai Namco Entertainment,,,,,,2018-09-28
Naruto Shippuden: Ultimate Ninja Storm Trilogy,PS4,Fighting,Bandai Namco Entertainment,,,,,,2018-04-26
SoulCalibur VI,All,Fighting,Bandai Namco Entertainment,,,,,,2018-10-19
Dragon Ball FighterZ,XOne,Fighting,Namco Bandai Games,,,,,,2018-01-26
SoulCalibur VI,PS4,Fighting,Bandai Namco Games,,,,,,2018-10-19
Jump Force,XOne,Fighting,Bandai Namco Entertainment,,,,,,2018-02-15
Naruto Shippuden: Ultimate Ninja Storm Trilogy,NS,Fighting,Bandai Namco Entertainment,,,,,,2018-04-26
WWE 2K19,PS4,Fighting,2K Sports,0.36,0.46,,0.16,0.98,2018-10-09
Dragon Ball FighterZ,PC,Fighting,Namco Bandai Games,,,,,,2018-01-26
My Hero One's Justice,All,Fighting,Bandai Namco Entertainment,,,,,,2018-10-26
WWE 2K19,XOne,Fighting,2K Sports,0.3,0.14,,0.04,0.48,2018-10-09
Dissidia Final Fantasy NT,PS4,Fighting,Square Enix,0.19,0.06,0.16,0.05,0.46,2018-01-30
BlazBlue: Cross Tag Battle,All,Fighting,Arc System Works,,,,,,2018-06-05
Kirby: Battle Royale,3DS,Fighting,Nintendo,0.07,0.05,0.2,0.01,0.33,2018-01-19
My Hero One's Justice,PS4,Fighting,Bandai Namco Entertainment,0.16,0.05,0.04,0.05,0.3,2018-10-26
SNK Heroines: Tag Team Frenzy,All,Fighting,NIS America,,,,,,2018-09-07
SoulCalibur VI,XOne,Fighting,Bandai Namco Games,0.26,0.01,,0.03,0.3,2018-10-19
My Hero One's Justice,NS,Fighting,Bandai Namco Entertainment,0.17,0.01,0.06,0.02,0.26,2018-10-26
Street Fighter 30th Anniversary Collection,PS4,Fighting,Capcom,0.11,0.07,0.02,0.04,0.24,2018-05-29
Street Fighter 30th Anniversary Collection,NS,Fighting,Capcom,0.12,0.04,0.01,0.02,0.19,2018-05-29
My Hero One's Justice,XOne,Fighting,Bandai Namco Entertainment,0.12,,,0.01,0.14,2018-10-26
Fire Pro Wrestling World,PS4,Fighting,Spike Chunsoft,0.06,0.02,0.03,0.02,0.12,2018-08-28
The Seven Deadly Sins: Knights of Britannia,PS4,Fighting,Bandai Namco Entertainment,0.05,0.02,0.02,0.01,0.1,2018-02-09
BlazBlue: Cross Tag Battle,PS4,Fighting,Arc System Works,0.04,,0.03,0.01,0.08,2018-06-05
Street Fighter 30th Anniversary Collection,XOne,Fighting,Capcom,0.05,0.01,,0.01,0.07,2018-05-29
BlazBlue: Cross Tag Battle,NS,Fighting,Arc System Works,0.04,0.01,0.01,0.01,0.07,2018-06-05
Brawlout,NS,Fighting,Merge Games,,,,,,2018-06-26
SNK Heroines Tag Team Frenzy,NS,Fighting,NIS America,0.02,0.01,0.01,0,0.05,2018-09-07
Under Night In-Birth Exe:Latest,PS4,Fighting,Aksys Games,0.01,,0.03,0,0.04,2018-02-09
Blade Strangers,NS,Fighting,Nicalis,0.03,,,0,0.04,2018-08-28
Omen of Sorrow,PS4,Fighting,Soedesco,0.03,,,0.01,0.04,2018-11-16
Kamen Rider: Climax Scramble Zi-O,NS,Fighting,Bandai Namco Games,,,0.03,,0.03,2018-11-29
Blade Strangers,PS4,Fighting,Nicalis,0.02,,,0,0.02,2018-08-28
Full Metal Panic! Fight: Who Dares Wins,PS4,Fighting,Bandai Namco Entertainment,,,0.02,,0.02,2018-05-31
SNK Heroines Tag Team Frenzy,PS4,Fighting,NIS America,,,0.02,,0.02,2018-09-07
Capcom Beat 'Em Up Bundle,PS4,Fighting,Capcom,,,0.01,,0.01,2018-09-18
Capcom Beat 'Em Up Bundle,NS,Fighting,Capcom,,,0.01,,0.01,2018-09-18
Million Arthur: Arcana Blood,PS4,Fighting,Square Enix,,,0.01,,0.01,2018-11-29
Street Fighter 30th Anniversary Collection,PC,Fighting,Capcom,,0,,0,0,2018-05-29
ACA NEOGEO ART OF FIGHTING 2,NS,Fighting,Hamster Corporation,,,,,,2018-01-11
ACA NEOGEO ART OF FIGHTING 3,XOne,Fighting,Hamster Corporation,,,,,,2018-07-26
ACA NEOGEO FATAL FURY 3,NS,Fighting,Hamster Corporation,,,,,,2018-02-15
ACA NEOGEO REAL BOUT FATAL FURY,NS,Fighting,Hamster Corporation,,,,,,2018-03-18
ACA NEOGEO REAL BOUT FATAL FURY 2,XOne,Fighting,Hamster Corporation,,,,,,2018-03-08
ACA NEOGEO REAL BOUT FATAL FURY SPECIAL,PS4,Fighting,Hamster Corporation,,,,,,2018-01-08
ACA NEOGEO REAL BOUT FATAL FURY SPECIAL,NS,Fighting,Hamster Corporation,,,,,,2018-04-19
ACA NEOGEO SAMURAI SHODOWN II,NS,Fighting,Hamster Corporation,,,,,,2018-02-01
ACA NEOGEO SAMURAI SHODOWN III,PS4,Fighting,Hamster Corporation,,,,,,2018-04-19
ACA NEOGEO SAMURAI SHODOWN III,XOne,Fighting,Hamster Corporation,,,,,,2018-02-01
ACA NEOGEO SAMURAI SHODOWN III,NS,Fighting,Hamster Corporation,,,,,,2018-04-05
ACA NEOGEO SAMURAI SHODOWN IV,PS4,Fighting,Hamster Corporation,,,,,,2018-06-08
ACA NEOGEO SAMURAI SHODOWN IV,XOne,Fighting,Hamster Corporation,,,,,,2018-04-19
ACA NEOGEO SAMURAI SHODOWN V,NS,Fighting,Hamster Corporation,,,,,,2018-07-05
ACA NEOGEO SAMURAI SHODOWN V,XOne,Fighting,Hamster Corporation,,,,,,2018-07-05
ACA NEOGEO THE KING OF FIGHTERS '97,NS,Fighting,Hamster Corporation,,,,,,2018-07-26
ACA NEOGEO THE KING OF FIGHTERS '98,PS4,Fighting,Hamster Corporation,,,,,,2018-02-26
ACA NEOGEO THE KING OF FIGHTERS '98,XOne,Fighting,Hamster Corporation,,,,,,2018-01-11
ACA NEOGEO THE KING OF FIGHTERS '99,XOne,Fighting,Hamster Corporation,,,,,,2018-04-05
ACA NEOGEO THE KING OF FIGHTERS 2000,XOne,Fighting,Hamster Corporation,,,,,,2018-06-21
ACA NEOGEO THE LAST BLADE 2,NS,Fighting,Hamster Corporation,,,,,,2018-06-21
ACA NEOGEO THE LAST BLADE 2,PS4,Fighting,Hamster Corporation,,,,,,2018-04-19
ACA NEOGEO THE LAST BLADE 2,XOne,Fighting,Hamster Corporation,,,,,,2018-02-15
ACA NEOGEO WORLD HEROES,XOne,Fighting,Hamster Corporation,,,,,,2018-02-23
ACA NEOGEO WORLD HEROES 2,NS,Fighting,Hamster Corporation,,,,,,2018-01-25
ACA NEOGEO WORLD HEROES 2 JET,NS,Fighting,Hamster Corporation,,,,,,2018-03-22
ACA NEOGEO WORLD HEROES 2 JET,PS4,Fighting,Hamster Corporation,,,,,,2018-01-30
Arcade Archives: Double Dragon,NS,Fighting,Taito Corporation,,,,,,2018-01-18
BlazBlue: Cross Tag Battle,PC,Fighting,Arc System Works,,,,,,2018-06-05
Capcom Beat 'Em Up Bundle,XOne,Fighting,Capcom,,,,,,2018-09-18
Capcom Beat 'Em Up Bundle,PC,Fighting,Capcom,,,,,,2018-09-18
Fantasy Strike,NS,Fighting,Sirlin Games,,,,,,2018-07-01
Fighting EX Layer,PS4,Fighting,Arika,,,,,,2018-06-28
My Hero One's Justice,PC,Fighting,Bandai Namco Entertainment,,,,,,2018-10-26
Naruto Shippuden: Ultimate Ninja Storm Trilogy,XOne,Fighting,Bandai Namco Entertainment,,,,,,2018-04-26
Pocket Rumble,NS,Fighting,Chucklefish,,,,,,2018-12-30
SoulCalibur VI,PC,Fighting,Bandai Namco Games,,,,,,2018-10-19
Steredenn: Binary Stars,NS,Fighting,Plug In Digital,,,,,,2018-03-08
Street Fighter V: Arcade Edition,PS4,Fighting,Capcom,,,,,,2018-01-16
WWE 2K19,PC,Fighting,2K Sports,,,,,,2018-10-09
Nintendo Labo: Toy-Con 01 Variety Kit,NS,Misc,Nintendo,,,,,,2018-04-20
Go Vacation,NS,Misc,Nintendo,0.12,0.22,0.01,0.03,0.37,2018-07-27
Sega Genesis Classics,PS4,Misc,Sega,0.08,0.21,,0.05,0.35,2018-05-29
WarioWare Gold,3DS,Misc,Nintendo,0.11,0.03,0.13,0.01,0.28,2018-08-03
Sega Genesis Classics,NS,Misc,Sega,0.1,0.06,,0.02,0.18,2018-12-07
Namco Museum Arcade Pac,NS,Misc,Bandai Namco Entertainment,0.08,0.02,,0.01,0.11,2018-09-28
Sega Genesis Classics,XOne,Misc,Sega,0.06,0.03,,0.01,0.1,2018-05-29
Atari Flashback Classics: Volume 3,PS4,Misc,Funbox Media,0.05,,,0.01,0.06,2018-09-28
Atari Flashback Classics: Volume 3,XOne,Misc,Funbox Media,0.04,,,0.01,0.05,2018-09-28
Atari Flashback Classics: Volume 1,NS,Misc,Atari,0.04,,,0,0.04,2018-12-13
Death Mark,PS4,Misc,Aksys Games,0.02,,0.01,0,0.03,2018-10-31
Sumikko Gurashi Atsumare Sumikko Town,NS,Misc,Nippon Columbia,,,0.03,,0.03,2018-10-04
Penny-Punching Princess,NS,Misc,NIS America,0.03,,,0,0.03,2018-04-03
SNK 40th Anniversary Collection,NS,Misc,NIS America,0.02,,,0,0.03,2018-11-13
Hello Kitty Kruisers,NS,Misc,Rising Star Games,0.02,,,0,0.02,2018-05-15
Senran Kagura: Peach and Reflexions Limited Double Pack,NS,Misc,Marvelous,,,0.02,,0.02,2018-12-13
Wordhunters,PS4,Misc,Wired Productions,0.01,,,0,0.01,2018-12-04
Peach Ball: Senran Kagura,NS,Misc,Marvelous Entertainment,,,0.01,,0.01,2018-12-13
Cube Creator X,NS,Misc,Arc System Works,,,0.01,,0.01,2018-04-26
Kunio-kun: The World Classics Collection,NS,Misc,Arc System Works,,,0.01,,0.01,2018-12-20
Closed Nightmare,PS4,Misc,Nippon Ichi Software,,,0.01,,0.01,2018-07-19
Kunio-kun: The World Classics Collection,PS4,Misc,Arc System Works,,,0.01,,0.01,2018-12-20
Happy Birthdays,NS,Misc,NIS America,0.01,,,0,0.01,2018-06-05
Closed Nightmare,NS,Misc,Nippon Ichi Software,,,0,,0,2018-07-19
WorldNeverland: Elnea Kingdom,NS,Misc,althi Inc.,,,0,,0,2018-03-15
Get Even,PS4,Misc,Farm 51,,,,,,2018-01-01
Red Goddess,WiiU,Misc,Yanim Studio,,,,,,2018-01-01
Red Goddess,PSV,Misc,Yanim Studio,,,,,,2018-01-01
Return of the Obra Dinn,PC,Misc,3909 LLC,,,,,,2018-10-18
Artifact,OSX,Misc,Valve Corporation,,,,,,2018-11-28
Artifact,Linux,Misc,Valve Corporation,,,,,,2018-11-28
Artifact,PC,Misc,Valve Corporation,,,,,,2018-11-28
Clustertruck,NS,Misc,TinyBuild Games,,,,,,2018-03-15
Frederic 2: Evil Strikes Back,NS,Misc,Forever Entertainment S.A.,,,,,,2018-02-01
Gwent: The Witcher Card Game,PC,Misc,CD Projekt Red Studio,,,,,,2018-10-23
Gwent: The Witcher Card Game,PS4,Misc,CD Projekt Red Studio,,,,,,2018-12-04
Gwent: The Witcher Card Game,XOne,Misc,CD Projekt Red Studio,,,,,,2018-12-04
Metal!,NS,Misc,DMM Games,,,,,,2018-02-08
Penny-Punching Princess,PSV,Misc,NIS America,,,,,,2018-04-03
PriPara: All Idol Perfect Stage,NS,Misc,Takara Tomy ARTS,,,,,,2018-03-22
Rainbow Snake,WiiU,Misc,RandomSpin,,,,,,2018-05-03
Spyro + Crash Remastered Game Bundle,PS4,Misc,Activision,,,,,,2018-12-01
Spyro + Crash Remastered Game Bundle,XOne,Misc,Activision,,,,,,2018-12-01
Summer Lesson: Hikari - Allison - Chisato 3 in 1 Game Pack,PS4,Misc,Bandai Namco Entertainment,,,,,,2018-02-22
Trivia Vault Basketball Trivia,PC,Misc,Unknown,,,,,,2018-03-03
Trivia Vault: Fashion Trivia,PC,Misc,Unknown,,,,,,2018-05-24
Trivia Vault: Food Trivia,PC,Misc,Unknown,,,,,,2018-05-30
Trivia Vault: Golf Trivia,PC,Misc,Unknown,,,,,,2018-03-29
Trivia Vault: Literature Trivia,PC,Misc,Unknown,,,,,,2018-06-01
Trivia Vault: Mixed Trivia 2,PC,Misc,Unknown,,,,,,2018-02-13
Trivia Vault: Music Trivia,PC,Misc,Unknown,,,,,,2018-06-22
Trivia Vault: Soccer Trivia,PC,Misc,Unknown,,,,,,2018-04-23
Trivia Vault: Toy Trivia,PC,Misc,Unknown,,,,,,2018-05-25
Trivia Vault: TV Trivia,PC,Misc,Unknown,,,,,,2018-05-03
World of Warcraft: Battle for Azeroth,PC,MMO,Blizzard Entertainment,,,,,,2018-08-14
The Elder Scrolls Online: Summerset,XOne,MMO,Bethesda Softworks,0.09,0.01,,0.01,0.11,2018-05-21
The Elder Scrolls Online: Summerset,PS4,MMO,Bethesda Softworks,0.08,,,0.02,0.1,2018-05-21
Dragon Quest X: All in One Package Ver.1-4,NS,MMO,Square Enix,,,0.03,,0.03,2018-07-26
Dragon Quest X: All in One Package Ver.1-4,PS4,MMO,Square Enix,,,0.01,,0.01,2018-07-26
The Elder Scrolls Online: Summerset,PC,MMO,Bethesda Softworks,,0.01,,0,0.01,2018-05-21
Dragon's Prophet,PC,MMO,Sony Online Entertainment,,,,,,2018-09-23
ATLAS,PC,MMO,Studio Wildcard,,,,,,2018-12-19
Dragon Quest X: All in One Package Ver.1-4,PC,MMO,Square Enix,,,,,,2018-07-26
Dragon Quest X: All in One Package Ver.1-4,WiiU,MMO,Square Enix,,,,,,2018-07-26
Everspace,NS,MMO,Rockfish Games,,,,,,2018-12-11
Phantasy Star Online 2: Cloud,NS,MMO,Sega,,,,,,2018-04-04
Taiko no Tatsujin: Drum 'n' Fun!,NS,Music,Bandai Namco Games,,,,,,2018-11-02
Just Dance 2019,NS,Music,Ubisoft,0.43,0.26,,0.07,0.76,2018-10-23
Just Dance 2019,Wii,Music,Ubisoft,0.1,0.12,,0.02,0.24,2018-10-23
Just Dance 2019,PS4,Music,Ubisoft,0.11,0.03,,0.03,0.17,2018-10-23
Just Dance 2019,XOne,Music,Ubisoft,0.13,0.01,,0.02,0.15,2018-10-23
Persona Dancing: Endless Night Collection,PS4,Music,Atlus,0.07,,0.04,0.02,0.13,2018-12-04
Just Dance 2019,WiiU,Music,Ubisoft,0.06,0.03,,0.01,0.1,2018-10-23
Just Dance 2019,X360,Music,Ubisoft,0.05,0.01,,0.01,0.07,2018-10-23
Persona 5: Dancing in Starlight,PS4,Music,Atlus,0.03,,0.03,0.01,0.06,2018-12-04
VOEZ,NS,Music,PM Studios,,,,,,2018-08-14
Persona 3: Dancing in Moonlight,PS4,Music,Atlus,0.02,,0.01,0.01,0.04,2018-12-04
Let's Sing 2019,NS,Music,Ravenscourt,,0.03,,0,0.03,2018-10-26
IDOLiSH7 Twelve Fantasia!,PSV,Music,Bandai Namco Entertainment,,,0.03,,0.03,2018-02-15
Let's Sing 2019,PS4,Music,Ravenscourt,,0.03,,0,0.03,2018-10-26
Persona 5: Dancing in Starlight,PSV,Music,Atlus,,,0.02,,0.02,2018-12-04
Gal Metal!,NS,Music,Xseed Games,0.01,,0.01,0,0.02,2018-10-30
Persona Dancing: Deluxe Twin Plus,PSV,Music,Atlus,,,0.02,,0.02,2018-05-24
Musynx,NS,Music,PM Studios,0.01,,,0,0.01,2018-06-19
Let's Sing 2019,Wii,Music,Ravenscourt,,0.01,,0,0.01,2018-10-26
Persona 3: Dancing in Moonlight,PSV,Music,Atlus,,,0.01,,0.01,2018-12-04
Beat Saber,OR,Music,Beat Games,,,,,,2018-05-01
Beat Saber,PS4,Music,Beat Games,,,,,,2018-11-20
Crypt of the NecroDancer: Nintendo Switch Edition,NS,Music,Brace Yourself Games,,,,,,2018-02-01
EAT BEAT DEADSPIKE-san,NS,Music,Arc System Works,,,,,,2018-03-22
Just Shapes & Beats,NS,Music,Berzerk Studio,,,,,,2018-07-01
Track Lab,PS4,Music,Sony Interactive Entertainment,,,,,,2018-08-21
Super Mario Party,NS,Party,Nintendo,,,,,,2018-10-05
Carnival Games,NS,Party,2K Games,0.11,0.14,,0.02,0.27,2018-11-06
America's Greatest Game Shows: Wheel of Fortune and Jeopardy!,NS,Party,Ubisoft,0.06,,,0.01,0.06,2018-10-30
Party Arcade,NS,Party,Planet Entertainment,0.05,,,0.01,0.06,2018-11-09
Carnival Games,PS4,Party,2K Games,0.04,,,0.01,0.05,2018-11-06
Carnival Games,XOne,Party,2K Games,0.04,,,0.01,0.05,2018-11-06
Hasbro Game Night for Nintendo Switch,NS,Party,Ubisoft,,0.01,,0,0.01,2018-10-30
Just Deal With It,PS4,Party,Wired Productions,0.01,,,0,0.01,2018-12-04
Animal Force,PS4,Party,Oasis Games Ltd.,,,,,,2018-07-10
BINGO for Nintendo Switch,NS,Party,Starsign,,,,,,2018-03-15
Chimparty,PS4,Party,Sony Interactive Entertainment,,,,,,2018-11-13
Frantics,PS4,Party,Sony Interactive Entertainment,,,,,,2018-03-06
Guilt Battle Arena,NS,Party,ForwardXP,,,,,,2018-03-01
Knowledge is Power: Decades,PS4,Party,Sony Interactive Entertainment,,,,,,2018-11-14
Marooners,XOne,Party,M2H,,,,,,2018-02-06
Marooners,PS4,Party,M2H,,,,,,2018-02-06
No Heroes Here,NS,Party,Mad Mimic,,,,,,2018-06-28
Super Rocket Shootout,NS,Party,Plug In Digital,,,,,,2018-03-06
The Jackbox Party Pack 5,NS,Party,Jackbox Games,,,,,,2018-10-17
The Jackbox Party Pack 5,PC,Party,Jackbox Games,,,,,,2018-10-17
Spyro Reignited Trilogy,All,Platform,Activision,,,,,,2018-11-13
Donkey Kong Country: Tropical Freeze,NS,Platform,Nintendo,,,,,,2018-05-04
Kirby Star Allies,NS,Platform,Nintendo,,,,,,2018-03-16
Bloodstained,Series,Platform,Inti Creates,,,,,,2018-05-24
Spyro Reignited Trilogy,PS4,Platform,Activision,0.75,1.07,,0.35,2.17,2018-11-13
Mega Man 11,All,Platform,Capcom,,,,,,2018-10-02
Mega Man X Legacy Collection,All,Platform,Capcom,,,,,,2018-07-24
Crash Bandicoot N. Sane Trilogy,NS,Platform,Activision,0.44,0.57,0.02,0.09,1.11,2018-06-29
Celeste,All,Platform,Matt Makes Games Inc.,,,,,,2018-01-25
Astro Bot Rescue Mission,PS4,Platform,Sony Interactive Entertainment,0.22,0.36,0.02,0.11,0.71,2018-10-02
Spyro Reignited Trilogy,XOne,Platform,Activision,0.36,0.24,,0.06,0.65,2018-11-13
Crash Bandicoot N. Sane Trilogy,XOne,Platform,Activision,0.23,0.37,,0.05,0.65,2018-06-29
Bloodstained: Curse of the Moon,All,Platform,Inti Creates,,,,,,2018-05-24
Mega Man 11,NS,Platform,Capcom,0.29,,0.03,0.03,0.36,2018-10-02
Bloodstained: Curse of the Moon,NS,Platform,Inti Creates,,,,,,2018-05-24
Yooka-Laylee,PS4,Platform,Team17 Software,0.09,0.16,,0.05,0.29,2018-01-01
Mega Man Legacy Collection 1+2,NS,Platform,Capcom,0.2,,0.03,0.02,0.25,2018-05-22
Touhou Luna Nights,All,Platform,Playism,,,,,,2018-08-20
Mega Man 11,PS4,Platform,Capcom,0.09,0.03,0.03,0.03,0.17,2018-10-02
Yooka-Laylee,PC,Platform,Team17 Software,,,,,,2018-01-01
Mega Man X Legacy Collection 1+2,PS4,Platform,Capcom Entertainment,0.07,,0.05,0.02,0.14,2018-07-24
Paw Patrol on a Roll,NS,Platform,Outright Games,,0.12,,0.01,0.13,2018-10-23
Shantae: Half-Genie Hero,NS,Platform,Xseed Games,0.09,0.01,0.01,0.01,0.12,2018-05-08
Paw Patrol on a Roll,PS4,Platform,Outright Games,0.06,,,0.01,0.07,2018-10-23
Scribblenauts: Showdown,NS,Platform,Warner Bros. Interactive,0.03,0.03,,0.01,0.07,2018-03-06
Mega Man 11,XOne,Platform,Capcom,0.06,,,0.01,0.06,2018-10-02
Owlboy,NS,Platform,Soedesco,0.03,0.01,,0.01,0.05,2018-05-29
Little Nightmares,NS,Platform,Bandai Namco Entertainment,,0.02,0.03,0,0.05,2018-05-18
Monster Boy and the Cursed Kingdom,All,Platform,FDG Entertainment,,,,,,2018-12-04
Scribblenauts: Showdown,PS4,Platform,Warner Bros. Interactive,0.04,,,0.01,0.05,2018-03-06
Toki Collector's Edition,NS,Platform,Microids,0.04,,,0.01,0.05,2018-11-22
Owlboy,PS4,Platform,Soedesco,0.04,,,0.01,0.05,2018-05-29
Paw Patrol on a Roll,XOne,Platform,Outright Games,0.04,,,0,0.04,2018-10-23
Mega Man X Legacy Collection 1+2,XOne,Platform,Capcom Entertainment,0.04,,,0,0.04,2018-07-24
Scribblenauts: Showdown,XOne,Platform,Warner Bros. Interactive,0.03,,,0,0.04,2018-03-06
Salt and Sanctuary,NS,Platform,Leadman Games,0.03,,,0,0.03,2018-12-11
Flashback,NS,Platform,Maximum Games,0.01,0.02,,0,0.03,2018-11-20
de Blob 2,NS,Platform,THQ Nordic,0.03,,,0,0.03,2018-08-28
Mega Man X Legacy Collection 1+2,NS,Platform,Capcom,,,0.03,,0.03,2018-07-24
Monster Boy and the Cursed Kingdom,PS4,Platform,FDG Entertainment,0.02,,,0,0.03,2018-11-06
Rad Rodgers,PS4,Platform,THQ Nordic,0.02,,,0,0.02,2018-02-21
Flipping Death,PS4,Platform,Rising Star,0.02,,,0,0.02,2018-10-16
Runner3,NS,Platform,Nicalis,0.02,,,0,0.02,2018-05-22
SteamWorld Dig 2,PS4,Platform,Rising Star Games,0.01,,,0,0.02,2018-06-19
Rad Rodgers,XOne,Platform,THQ Nordic,0.02,,,0,0.02,2018-02-21
Mega Man X Legacy Collection 1,PS4,Platform,Capcom,,,0.01,,0.01,2018-07-26
Mega Man X Legacy Collection 1,NS,Platform,Capcom,,,0.01,,0.01,2018-07-26
Flashback,PS4,Platform,Microids,0.01,,,0,0.01,2018-11-20
Candle: The Power of the Flame,NS,Platform,Merge Games,0.01,,,0,0.01,2018-10-16
Mega Man X Legacy Collection 2,NS,Platform,Capcom,,,0.01,,0.01,2018-07-26
SteamWorld Dig 2,NS,Platform,Rising Star Games,0.01,,,0,0.01,2018-06-19
Giana Sisters: Twisted Dreams,NS,Platform,THQ Nordic,0.01,,,0,0.01,2018-09-25
The Liar Princess and the Blind Prince,PSV,Platform,Nippon Ichi Software,,,0.01,,0.01,2018-05-31
Mega Man X Legacy Collection 2,PS4,Platform,Capcom,,,0.01,,0.01,2018-07-26
Crash Bandicoot N. Sane Trilogy,PC,Platform,Activision,,0,,0,0,2018-06-29
La-Mulana 2,PC,Platform,AGM Playism,,,,,,2018-07-30
Red Goddess,XOne,Platform,Yanim Studio,,,,,,2018-01-01
Sonic Forces,PC,Platform,Sega,,,,,,2018-01-01
Super Lucky's Tale,PC,Platform,THQ Nordic,,,,,,2018-09-14
Yooka-Laylee,Linux,Platform,Team17 Software,,,,,,2018-01-01
Yooka-Laylee,OSX,Platform,Team17 Software,,,,,,2018-01-01
20XX,NS,Platform,Batterystaple Games,,,,,,2018-07-10
A Robot Named Fight!,NS,Platform,Hitcents,,,,,,2018-04-26
Alteric,NS,Platform,Sometimes You,,,,,,2018-03-30
Arcade Archives: Crazy Climber,NS,Platform,Hamster Corporation,,,,,,2018-02-08
Arcade Archives: Donkey Kong,NS,Platform,Hamster Corporation,,,,,,2018-06-14
Ben and Ed - Blood Party,PC,Platform,Sluggerfly,,,,,,2018-02-13
Bloodstained: Curse of the Moon,PSV,Platform,Inti Creates,,,,,,2018-05-24
Bloodstained: Curse of the Moon,PC,Platform,Inti Creates,,,,,,2018-05-24
Brawl,NS,Platform,QubicGames,,,,,,2018-01-12
Castle of Heart,NS,Platform,7Levels,,,,,,2018-03-23
Celeste,PC,Platform,Matt Makes Games Inc.,,,,,,2018-01-25
Celeste,XOne,Platform,Matt Makes Games Inc.,,,,,,2018-01-26
Celeste,PS4,Platform,Matt Makes Games Inc.,,,,,,2018-01-25
Celeste,NS,Platform,Matt Makes Games Inc.,,,,,,2018-01-25
de Blob,NS,Platform,THQ Nordic,,,,,,2018-06-26
de Blob 2,PS4,Platform,THQ Nordic,,,,,,2018-02-27
Dust: An Elysian Tail,NS,Platform,Humble Hearts,,,,,,2018-09-10
Flashback,XOne,Platform,Microids,,,,,,2018-11-20
Flat Heroes,NS,Platform,Deck 13,,,,,,2018-08-02
Flinthook,NS,Platform,Tribute Games,,,,,,2018-03-09
FOX n FORESTS,PC,Platform,EuroVideo Medien,,,,,,2018-05-17
Freedom Planet,NS,Platform,Galaxy Trail,,,,,,2018-08-30
GRIS,PC,Platform,Devolver Digital,,,,,,2018-12-13
Light Fall,NS,Platform,Bishop Games,,,,,,2018-05-01
Monster Boy and the Cursed Kingdom,XOne,Platform,FDG Entertainment,,,,,,2018-11-06
Nefarious,NS,Platform,Digerati,,,,,,2018-09-13
Orn: The Tiny Forest Sprite,PC,Platform,FIVE12 GAMES,,,,,,2018-12-20
Owlboy,XOne,Platform,D-Pad Studio,,,,,,2018-02-13
Paw Patrol on a Roll,3DS,Platform,Outright Games,,,,,,2018-10-23
Paw Patrol on a Roll,PC,Platform,Outright Games,,,,,,2018-10-23
Runbow,NS,Platform,Headup Games,,,,,,2018-06-14
Sausage Sports Club,NS,Platform,Luckshot Games,,,,,,2018-09-01
Save me Mr Tako: Tasukete Tako-San,NS,Platform,Nicalis,,,,,,2018-10-30
SEGA Ages: Sonic the Hedgehog,NS,Platform,Sega,,,,,,2018-09-20
Shadow Bug,NS,Platform,Muro Studios,,,,,,2018-03-30
Shu,NS,Platform,Coatsink Software,,,,,,2018-01-23
Sling Ming,NS,Platform,Good Night Brave Warrior,,,,,,2018-04-05
Spartan,NS,Platform,Sinister Cyclops,,,,,,2018-04-01
SteamWorld Dig 2,3DS,Platform,Image & Form Games,,,,,,2018-02-22
SteamWorld Dig 2,XOne,Platform,Image & Form Games,,,,,,2018-11-21
SteamWorld Dig: A Fistful of Dirt,NS,Platform,Image & Form Games,,,,,,2018-02-01
Super Chariot,NS,Platform,Unknown,,,,,,2018-05-10
Super Meat Boy,NS,Platform,BlitWorks,,,,,,2018-01-11
Super One More Jump,NS,Platform,SMG Studio,,,,,,2018-01-25
Super Skull Smash GO! 2 Turbo,PC,Platform,Poppy Works,,,,,,2018-07-17
Super Skull Smash GO! 2 Turbo,PS4,Platform,Poppy Works,,,,,,2018-07-17
Super Skull Smash GO! 2 Turbo,PSV,Platform,Poppy Works,,,,,,2018-07-17
Superola and the Lost Burgers,NS,Platform,Undergames,,,,,,2018-02-22
The Messenger,NS,Platform,Devolver Digital,,,,,,2018-08-30
The Messenger,PC,Platform,Devolver Digital,,,,,,2018-08-30
The Swindle,NS,Platform,Curve Digital,,,,,,2018-10-11
TurtlePop : Journey to Freedom,NS,Platform,DigiPen Game Studios,,,,,,2018-03-09
Twin Robots Ultimate Edition,NS,Platform,Ratalaika Games,,,,,,2018-02-23
Unravel Two,XOne,Platform,Electronic Arts,,,,,,2018-06-09
Unravel Two,PC,Platform,Electronic Arts,,,,,,2018-06-09
Unravel Two,PS4,Platform,Electronic Arts,,,,,,2018-06-09
Unravel Yarny Bundle,XOne,Platform,Electronic Arts,,,,,,2018-07-24
Unravel Yarny Bundle,PS4,Platform,Electronic Arts,,,,,,2018-07-24
Venture Kid,PC,Platform,Snikkabo AS,,,,,,2018-05-03
Xenon Valkyrie+,PS4,Platform,COWCAT,,,,,,2018-02-20
Xenon Valkyrie+,XOne,Platform,COWCAT,,,,,,2018-02-21
Xeodrifter,NS,Platform,Atooi,,,,,,2018-02-15
Captain Toad: Treasure Tracker,NS,Puzzle,Nintendo,,,,,,2018-07-13
Bendy and the Ink Machine,PC,Puzzle,Joey Drew Studios Inc.,,,,,,2018-02-28
Talon Man Remastered,Amig,Puzzle,Out of crumpét's:,,,,,,2018-01-01
Tetris Effect,PS4,Puzzle,Sony Interactive Entertainment,0.19,0.01,0.01,0.05,0.25,2018-11-09
Captain Toad: Treasure Tracker,3DS,Puzzle,Nintendo,0.06,0.04,0.08,0.01,0.19,2018-07-13
Bendy and the Ink Machine,PS4,Puzzle,Rooster Teeth Games,0.15,,,0.03,0.18,2018-11-20
Bendy and the Ink Machine,NS,Puzzle,Rooster Teeth Games,0.15,,,0.02,0.17,2018-11-20
Bendy and the Ink Machine,XOne,Puzzle,Rooster Teeth Games,0.14,,,0.02,0.16,2018-11-20
Sushi Striker: The Way of Sushido,NS,Puzzle,Nintendo,0.02,0.01,0.03,0,0.07,2018-06-08
Super Bomberman R,PS4,Puzzle,Konami Digital Entertainment,0.03,,0.03,0.01,0.06,2018-06-12
Sushi Striker: The Way of Sushido,3DS,Puzzle,Nintendo,0.02,,0.02,0,0.04,2018-06-08
Super Bomberman R,XOne,Puzzle,Konami Digital Entertainment,0.03,,,0,0.03,2018-06-12
Bridge Constructor Portal,XOne,Puzzle,Nighthawk Interactive,0.02,,,0,0.02,2018-08-28
Gotouchi Tetsudou for Nintendo Switch!!,NS,Puzzle,Bandai Namco Games,,,0.02,,0.02,2018-02-22
The Mahjong,NS,Puzzle,D3Publisher,,,0,,0,2018-06-23
Lady Layton: The Millionaire Ariadone's Conspiracy,And,Puzzle,Level 5,,,,,,2018-01-01
A Normal Lost Phone,NS,Puzzle,Plug In Digital,,,,,,2018-03-01
ACA NEOGEO Gururin,XOne,Puzzle,Hamster Corporation,,,,,,2018-04-12
ACA NEOGEO Gururin,PS4,Puzzle,Hamster Corporation,,,,,,2018-06-08
ACA NEOGEO Gururin,NS,Puzzle,Hamster Corporation,,,,,,2018-04-12
ACA NEOGEO MAGICAL DROP III,PS4,Puzzle,Hamster Corporation,,,,,,2018-06-06
ACA NEOGEO MAGICAL DROP III,NS,Puzzle,Hamster Corporation,,,,,,2018-02-22
ACA NEOGEO MAGICAL DROP III,XOne,Puzzle,Hamster Corporation,,,,,,2018-02-22
ACA NEOGEO Money Puzzle Exchanger,XOne,Puzzle,Hamster Corporation,,,,,,2018-06-28
ACA NEOGEO Money Puzzle Exchanger,NS,Puzzle,Hamster Corporation,,,,,,2018-06-28
Animated Jigsaws: Beautiful Japanese Scenery,NS,Puzzle,Rainy Frog,,,,,,2018-04-05
Azkend 2: The World Beneath,NS,Puzzle,10tons,,,,,,2018-01-12
Baseball Riot,NS,Puzzle,10tons Ltd,,,,,,2018-01-19
D/Generation HD,NS,Puzzle,West Coast Software,,,,,,2018-03-27
Defoliation,NS,Puzzle,Cosen,,,,,,2018-05-31
Donut County,NS,Puzzle,Annapurna Interactive,,,,,,2018-12-18
Enchanting Mahjong Match,NS,Puzzle,D3Publisher,,,,,,2018-03-15
Energy Balance,NS,Puzzle,Sometimes You,,,,,,2018-01-16
Energy Invasion,NS,Puzzle,Evgeniy Kolpakov,,,,,,2018-01-11
Enigmatis 2: The Mists Of Ravenwood,NS,Puzzle,Artifex Mundi sp. z o.o.,,,,,,2018-05-25
Enigmatis 3: The Shadow Of Karkhala,PS4,Puzzle,Big Fish Games,,,,,,2018-04-06
Gem Smashers,NS,Puzzle,TREVA Entertainment,,,,,,2018-03-15
Grid Mania,NS,Puzzle,QubicGames,,,,,,2018-03-02
Grim Fandango Remastered,NS,Puzzle,Double Fine Productions,,,,,,2018-11-01
Gunhouse,NS,Puzzle,Other Ocean Interactive,,,,,,2018-01-15
"I, Zombie",NS,Puzzle,Awesome Games Studio,,,,,,2018-03-08
Lumines Remastered,NS,Puzzle,Enhance,,,,,,2018-05-01
Manifold Garden,PS4,Puzzle,William Chyr Studio,,,,,,2018-12-30
Membrane,NS,Puzzle,Perfect Hat,,,,,,2018-02-22
Metropolis: Lux Obscura,NS,Puzzle,Sometimes You,,,,,,2018-04-04
Millie,NS,Puzzle,Forever Entertainment S.A.,,,,,,2018-02-15
Nuclien,NS,Puzzle,Springloaded,,,,,,2018-01-19
Old Man's Journey,NS,Puzzle,Broken Rules,,,,,,2018-02-20
Packet Queen #,NS,Puzzle,Studio F-Sharp,,,,,,2018-03-01
Persian Nights: Sands Of Wonders,NS,Puzzle,Artifex Mundi sp. z o.o.,,,,,,2018-08-17
Picross S2,NS,Puzzle,Jupiter Corporation,,,,,,2018-08-02
Pixel Puzzles 2: Christmas,PC,Puzzle,DL Softworks,,,,,,2018-11-27
Professor Watts Memory Match: Expressions,PC,Puzzle,Unknown,,,,,,2018-09-12
Professor Watts Memory Match: Puppies,PC,Puzzle,Unknown,,,,,,2018-09-18
Q.U.B.E. 2,PC,Puzzle,Trapped Nerve Games,,,,,,2018-03-13
Qbik,NS,Puzzle,Forever Entertainment S.A.,,,,,,2018-01-18
Salary Man Escape VR,PS4,Puzzle,Oasis Games Ltd.,,,,,,2018-06-26
Slayaway Camp: Butcher's Cut,NS,Puzzle,Digerati,,,,,,2018-03-22
Spiral Splatter,NS,Puzzle,Sometimes You,,,,,,2018-03-13
Spy Chameleon - RGB Agent,NS,Puzzle,Unfinished Pixel,,,,,,2018-03-09
Spy Chameleon - RGB Agent,NS,Puzzle,Unfinished Pixel,,,,,,2018-03-09
SubaraCity,NS,Puzzle,Flyhigh Works,,,,,,2018-08-31
Subsurface Circular,NS,Puzzle,Ant Workshop,,,,,,2018-03-01
Swim Out,NS,Puzzle,Lozange Lab,,,,,,2018-03-20
Tales of the Tiny Planet,NS,Puzzle,Pixelsplit,,,,,,2018-01-17
The Gardens Between,PS4,Puzzle,The Voxel Agents,,,,,,2018-09-20
The Gardens Between,NS,Puzzle,The Voxel Agents,,,,,,2018-09-20
The Room,NS,Puzzle,Team17 Digital Ltd,,,,,,2018-10-18
The Talos Principle,XOne,Puzzle,Devolver Digital,,,,,,2018-08-31
Toki Tori,NS,Puzzle,Two Tribes,,,,,,2018-03-30
Toki Tori 2+,NS,Puzzle,Two Tribes,,,,,,2018-02-23
Totes the Goat,NS,Puzzle,Atooi,,,,,,2018-03-01
Transference,PS4,Puzzle,Ubisoft,,,,,,2018-09-18
Typoman,NS,Puzzle,Wales Interactive Ltd.,,,,,,2018-02-22
Vesta,NS,Puzzle,FinalBoss Games,,,,,,2018-01-19
Vesta,PC,Puzzle,FinalBoss Games,,,,,,2018-01-19
Vesta,XOne,Puzzle,FinalBoss Games,,,,,,2018-01-19
Vesta,PS4,Puzzle,FinalBoss Games,,,,,,2018-01-19
Warp Shift,NS,Puzzle,Isbit Games,,,,,,2018-03-27
Word Sudoku by POWGI,PS4,Puzzle,Unknown,,,,,,2018-10-22
Zombillie,NS,Puzzle,Forever Entertainment S.A.,,,,,,2018-03-29
Forza Horizon 4,XOne,Racing,Microsoft Studios,0.74,0.95,0.01,0.15,1.84,2018-10-02
The Crew 2,PS4,Racing,Ubisoft,0.22,0.42,0.05,0.12,0.82,2018-06-29
F1 2018,PS4,Racing,Codemasters,0.05,0.39,0.01,0.08,0.53,2018-08-24
Nintendo Labo: Toy-Con 03 Vehicle Kit,NS,Racing,Nintendo,0.16,0.15,0.06,0.03,0.41,2018-09-14
Burnout Paradise Remastered,PS4,Racing,Electronic Arts,0.08,0.22,0.01,0.06,0.37,2018-03-16
The Crew 2,XOne,Racing,Ubisoft,0.2,0.1,,0.03,0.33,2018-06-29
TT Isle of Man: Ride on the Edge,PS4,Racing,Big Ben Interactive,0.05,0.09,,0.03,0.17,2018-03-06
F1 2018,XOne,Racing,Codemasters,0.05,0.1,,0.01,0.17,2018-08-24
Nickelodeon Kart Racers,NS,Racing,GameMill Entertainment,0.08,0.04,,0.01,0.13,2018-10-23
NASCAR Heat 3,PS4,Racing,704Games,0.1,,,0.02,0.13,2018-09-07
MX vs ATV All Out,PS4,Racing,THQ Nordic,0.09,0.01,,0.02,0.12,2018-03-27
Monster Energy Supercross - The Official Videogame,PS4,Racing,Milestone S.r.l.,0.08,0.01,,0.02,0.11,2018-02-13
Burnout Paradise Remastered,XOne,Racing,Electronic Arts,0.06,0.04,,0.01,0.11,2018-03-16
NASCAR Heat 3,XOne,Racing,704Games,0.09,,,0.01,0.1,2018-09-07
BallisticNG,PC,Racing,Neognosis,,,,,,2018-12-14
Nickelodeon Kart Racers,XOne,Racing,GameMill Entertainment,0.08,,,0.01,0.09,2018-10-23
Nickelodeon Kart Racers,PS4,Racing,GameMill Entertainment,0.07,,,0.02,0.09,2018-10-23
Monster Energy Supercross - The Official Videogame,XOne,Racing,Milestone S.r.l.,0.08,,,0.01,0.08,2018-02-13
TT Isle of Man: Ride on the Edge,XOne,Racing,Big Ben Interactive,0.05,0.03,,0.01,0.08,2018-03-06
Spintires: MudRunner - American Wilds,PS4,Racing,Focus Home Interactive,0.07,,,0.02,0.08,2018-10-23
Gravel,PS4,Racing,Milestone S.r.l.,0.06,,,0.01,0.08,2018-02-27
MX vs ATV All Out,XOne,Racing,THQ Nordic,0.07,,,0.01,0.08,2018-03-27
Ride 3,PS4,Racing,Bandai Namco Entertainment,0.03,0.03,,0.01,0.07,2018-11-30
Spintires: MudRunner - American Wilds,XOne,Racing,Focus Home Interactive,0.06,,,0.01,0.07,2018-10-23
Spintires: MudRunner - American Wilds,NS,Racing,Maximum Games,0.05,,,0.01,0.06,2018-10-23
MXGP Pro,PS4,Racing,Milestone S.r.l.,0.04,,,0.01,0.05,2018-07-10
Dakar 18,PS4,Racing,Deep Silver,0.03,0.01,,0.01,0.05,2018-09-25
Gravel,XOne,Racing,Milestone S.r.l.,0.04,,,0,0.05,2018-02-27
Onrush,PS4,Racing,Deep Silver,0.04,,,0.01,0.05,2018-06-05
Snow Moto Racing Freedom,NS,Racing,Big Ben Interactive,0.03,,,0,0.03,2018-03-27
Monster Energy Supercross - The Official Videogame,NS,Racing,Milestone S.r.l.,0.03,,,0,0.03,2018-02-13
Onrush,XOne,Racing,Deep Silver,0.03,,,0,0.03,2018-06-05
Aqua Moto Racing Utopia,NS,Racing,Big Ben Interactive,0.03,,,0,0.03,2018-03-27
Ride 3,XOne,Racing,Bandai Namco Entertainment,0.03,,,0,0.03,2018-11-30
MXGP Pro,XOne,Racing,Milestone S.r.l.,0.03,,,0,0.03,2018-07-10
All-Star Fruit Racing,PS4,Racing,PQube,0.03,,,0.01,0.03,2018-08-21
Trailblazers,PS4,Racing,Rising Star Games,0.02,,,0,0.02,2018-05-08
ATV Drift & Tricks,XOne,Racing,Microids,0.02,,,0,0.02,2018-11-20
Gear Club Unlimited 2,NS,Racing,Microids,0.02,,,0,0.02,2018-12-04
GRIP: Combat Racing,NS,Racing,U&I Entertainment,0.01,,,0,0.02,2018-11-06
Dakar 18,XOne,Racing,Deep Silver,0.01,,,0,0.02,2018-09-25
GRIP: Combat Racing,PS4,Racing,U&I Entertainment,0.01,,,0,0.01,2018-11-06
Moto Racer 4,NS,Racing,Maximum Games,0.01,,,0,0.01,2018-11-20
All-Star Fruit Racing,NS,Racing,PQube,0.01,,,0,0.01,2018-08-21
F1 2018,PC,Racing,Codemasters,,0.01,,0,0.01,2018-08-24
Trailblazers,NS,Racing,Rising Star Games,0.01,,,0,0.01,2018-04-15
V-Rally 4,PS4,Racing,Bigben Interactive,0.01,,,0,0.01,2018-09-11
V-Rally 4,XOne,Racing,Bigben Interactive,0.01,,,0,0.01,2018-09-11
ATV Drift & Tricks,NS,Racing,Microids,0.01,,,0,0.01,2018-11-22
MotoGP 18,PC,Racing,Milestone S.r.l.,,0,,0,0,2018-03-31
Aqua Moto Racing Utopia,WiiU,Racing,Zordix AB,,,,,,2018-04-19
Redout,NS,Racing,Nicalis,,,,,,2018-12-30
The Crew 2,PC,Racing,Ubisoft,,,,,,2018-06-29
ACA NEOGEO RIDING HERO,XOne,Racing,Hamster Corporation,,,,,,2018-06-07
ACA NEOGEO RIDING HERO,NS,Racing,Hamster Corporation,,,,,,2018-06-07
Antigraviator,PC,Racing,Iceberg Interactive,,,,,,2018-06-06
Coffin Dodgers,NS,Racing,Wales Interactive Ltd.,,,,,,2018-03-13
Dakar 18,PC,Racing,Deep Silver,,,,,,2018-09-25
Forza Horizon 4,All,Racing,Microsoft Studios,,,,,,2018-10-02
Forza Horizon 4,PC,Racing,Microsoft Studios,,,,,,2018-10-02
Gear.Club Unlimited 2,NS,Racing,Microids,,,,,,2018-12-04
Gotcha Racing 2nd,NS,Racing,Arc System Works,,,,,,2018-05-29
Grand Prix Rock 'N Racing,NS,Racing,EnjoyUp Games,,,,,,2018-01-04
Gravel,PC,Racing,Milestone S.r.l.,,,,,,2018-02-27
GRIP: Combat Racing,XOne,Racing,U&I Entertainment,,,,,,2018-11-06
GRIP: Combat Racing,PC,Racing,U&I Entertainment,,,,,,2018-11-06
Horizon Chase Turbo,NS,Racing,AQUIRIS,,,,,,2018-11-28
Horizon Chase Turbo,PC,Racing,AQUIRIS,,,,,,2018-05-15
Horizon Chase Turbo,XOne,Racing,AQUIRIS,,,,,,2018-11-28
Horizon Chase Turbo,PS4,Racing,AQUIRIS,,,,,,2018-05-15
Meow Motors,PC,Racing,ArtVostok,,,,,,2018-06-04
MotoGP 18,XOne,Racing,Milestone S.r.l.,,,,,,2018-06-07
MotoGP 18,PS4,Racing,Milestone S.r.l.,,,,,,2018-06-07
MotoGP 18,NS,Racing,Milestone S.r.l.,,,,,,2018-06-28
MX vs ATV All Out,PC,Racing,THQ Nordic,,,,,,2018-03-27
MXGP Pro,PC,Racing,Milestone S.r.l.,,,,,,2018-06-29
Rally Racers,NS,Racing,System 3,,,,,,2018-01-11
Ride 3,PC,Racing,Bandai Namco Entertainment,,,,,,2018-11-30
Super Toy Cars,NS,Racing,Eclipse Games,,,,,,2018-03-02
Trailblazers,XOne,Racing,Rising Star Games,,,,,,2018-05-09
Trailblazers,PC,Racing,Rising Star Games,,,,,,2018-05-08
Urban Trial Playground,NS,Racing,Tate Multimedia,,,,,,2018-04-05
V-Rally 4,PC,Racing,Bigben Interactive,,,,,,2018-09-25
Wreckfest,PC,Racing,THQ Nordic,,,,,,2018-06-14
Monster Hunter: World,All,Role-Playing,Capcom,,,,,,2018-01-26
"Pokémon: Let's Go, Pikachu/Eevee",NS,Role-Playing,Nintendo,,,,,,2018-11-16
Dragon Quest XI,All,Role-Playing,Square Enix,,,,,,2018-09-04
Octopath Traveler,Series,Role-Playing,Square Enix,,,,,,2018-07-13
Dark Souls: Remastered,All,Role-Playing,Bandai Namco Entertainment,,,,,,2018-05-25
Kingdom Come: Deliverance,All,Role-Playing,Deep Silver,,,,,,2018-02-13
Octopath Traveler,All,Role-Playing,Square Enix,,,,,,2018-07-13
Yokai Watch Blasters: Red Cat Corps / White Dog Squad,3DS,Role-Playing,Nintendo,,,,,,2018-09-07
Dragon Quest XI: Echoes of an Elusive Age,PS4,Role-Playing,Square Enix,0.29,0.22,1.43,0.1,2.04,2018-09-04
Vampyr,All,Role-Playing,Focus Home Interactive,,,,,,2018-06-05
Octopath Traveler,NS,Role-Playing,Nintendo,,,,,,2018-07-13
Dark Souls: Remastered,PS4,Role-Playing,Bandai Namco Entertainment,,,,,,2018-05-25
Fallout 76,PS4,Role-Playing,Bethesda Softworks,0.52,0.49,0.1,0.2,1.32,2018-11-14
Dark Souls: Remastered,NS,Role-Playing,Bandai Namco Entertainment,,,,,,2018-10-19
Kingdom Come: Deliverance,PC,Role-Playing,Warhorse Studios,,,,,,2018-02-13
Moonlighter,All,Role-Playing,11 bit studios,,,,,,2018-05-29
The Scroll of Taiwu,PC,Role-Playing,ConchShip Games,,,,,,2018-09-21
Valkyria Chronicles 4,All,Role-Playing,Sega,,,,,,2018-09-25
Fallout 76,XOne,Role-Playing,Bethesda Softworks,0.59,0.26,,0.09,0.93,2018-11-14
Ni no Kuni II: Revenant Kingdom,All,Role-Playing,Bandai Namco Entertainment,,,,,,2018-03-23
Ni no Kuni II: Revenant Kingdom,PS4,Role-Playing,Namco Bandai Games,0.33,0.31,0.12,0.13,0.89,2018-03-23
Kingdom Come: Deliverance,PS4,Role-Playing,Deep Silver,0.18,0.28,,0.09,0.56,2018-02-13
Final Fantasy XV: Windows Edition,PC,Role-Playing,Square Enix,,,,,,2018-03-06
Vampyr,PS4,Role-Playing,Focus Home Interactive,0.12,0.19,,0.06,0.37,2018-06-05
Dark Souls: Remastered,PC,Role-Playing,Bandai Namco Entertainment,,,,,,2018-05-25
Sword Art Online: Fatal Bullet,PS4,Role-Playing,Namco Bandai Games,0.11,0.03,0.13,0.03,0.29,2018-02-23
Tales of Berseria,PC,Role-Playing,Namco Bandai Games,,,,,,2018-01-01
Secret of Mana,PS4,Role-Playing,Square Enix,0.06,0.12,0.05,0.04,0.28,2018-02-15
The World Ends with You: Final Remix,NS,Role-Playing,Nintendo,0.14,0.08,0.03,0.02,0.27,2018-10-12
Sword Art Online: Hollow Realization,PSV,Role-Playing,Namco Bandai Games,,0.08,0.16,0.02,0.26,2018-01-01
Valkyria Chronicles 4,PS4,Role-Playing,Sega,0.1,0.03,0.08,0.03,0.25,2018-09-25
Dragon Quest Builders: Revive Alefgard,NS,Role-Playing,Square Enix,0.07,0.07,0.07,0.01,0.22,2018-02-09
Kingdom Come: Deliverance,XOne,Role-Playing,Deep Silver,0.14,0.06,,0.02,0.22,2018-02-13
Radiant Historia: Perfect Chronology,3DS,Role-Playing,Atlus,0.11,0.03,0.06,0.01,0.21,2018-02-13
Fallout 76,PC,Role-Playing,Bethesda Softworks,0.12,0.07,,0.02,0.21,2018-11-14
Kingdom Hearts: The Story So Far,PS4,Role-Playing,Square Enix,0.17,,,0.04,0.2,2018-10-30
Pillars of Eternity II: Deadfire,PC,Role-Playing,Versus Evil,,,,,,2018-12-31
Shin Megami Tensei: Strange Journey Redux,3DS,Role-Playing,Atlus,0.08,0.01,0.1,0.01,0.2,2018-05-15
Sword Art Online: Fatal Bullet,PC,Role-Playing,Namco Bandai Games,,,,,,2018-02-23
Vampyr,PC,Role-Playing,Focus Home Interactive,,,,,,2018-06-05
Digimon Story: Cyber Sleuth - Hacker's Memory,PS4,Role-Playing,Namco Bandai Games,0.05,0.05,0.04,0.02,0.16,2018-01-19
Xenoblade Chronicles 2: Torna ~ The Golden Country,NS,Role-Playing,Nintendo,0.08,0.05,0.02,0.01,0.16,2018-09-21
Labyrinth of Refrain: Coven of Dusk,All,Role-Playing,Nippon Ichi Software,,,,,,2018-09-18
Moonlighter,NS,Role-Playing,Merge Games,,,,,,2018-11-09
South Park: The Fractured But Whole,NS,Role-Playing,Ubisoft,0.08,0.05,,0.01,0.14,2018-04-24
Divinity: Original Sin II,PS4,Role-Playing,Bandai Namco Entertainment,0.04,0.08,,0.02,0.13,2018-08-31
Delver,PC,Role-Playing,Priority Interrupt,,,,,,2018-02-01
Ni no Kuni II: Revenant Kingdom,PC,Role-Playing,Namco Bandai Games,,,,,,2018-03-23
Dragon's Crown Pro,PS4,Role-Playing,Atlus,0.1,,,0.02,0.12,2018-04-24
Vampyr,XOne,Role-Playing,Focus Home Interactive,0.07,0.04,,0.01,0.12,2018-06-05
Pokémon Crystal Version,3DS,Role-Playing,Nintendo,,0.11,,0.01,0.12,2018-01-26
Call of Cthulhu,PS4,Role-Playing,Focus Home Interactive,0.07,0.03,,0.02,0.12,2018-10-30
The Alliance Alive,3DS,Role-Playing,Atlus,0.04,,0.06,0.01,0.11,2018-03-27
Final Fantasy XII: The Zodiac Age,PC,Role-Playing,Square Enix,,,,,,2018-02-01
Ys VIII: Lacrimosa of Dana,NS,Role-Playing,NIS America,0.03,0.03,0.03,0.01,0.11,2018-06-26
Dark Souls: Remastered,XOne,Role-Playing,Bandai Namco Entertainment,0.07,0.03,,0.01,0.11,2018-05-25
Sword Art Online: Fatal Bullet,XOne,Role-Playing,Namco Bandai Games,0.09,,,0.01,0.1,2018-02-23
Dark Souls Trilogy,PS4,Role-Playing,Bandai Namco Entertainment,0.07,,0.01,0.02,0.09,2018-10-19
Shining Resonance Refrain,NS,Role-Playing,Sega,0.05,0.01,0.01,0.01,0.09,2018-07-10
Shining Resonance Refrain,PS4,Role-Playing,Sega,0.03,0.01,0.04,0.01,0.08,2018-07-10
The Witch and the Hundred Knight 2,PS4,Role-Playing,NIS America,0.03,,0.03,0.01,0.07,2018-03-27
Disgaea 1 Complete,PS4,Role-Playing,NIS America,0.04,,0.01,0.01,0.07,2018-10-09
Dragon's Crown Pro,PS4,Role-Playing,Atlus,,0.03,0.03,0,0.07,2018-05-15
Victor Vran: Overkill Edition,NS,Role-Playing,Wired Productions,0.06,,,0.01,0.06,2018-08-28
Atelier Lydie & Suelle: The Alchemists and the Mysterious Paintings,PS4,Role-Playing,Tecmo Koei,0.03,,0.03,0.01,0.06,2018-03-27
Shadows Awakening,PS4,Role-Playing,Kalypso Media,0.05,,,0.01,0.06,2018-09-04
Disgaea 1 Complete,NS,Role-Playing,NIS America,0.03,0.01,0.01,0,0.06,2018-10-09
Portal Knights,NS,Role-Playing,505 Games,0.02,0.02,0.01,0,0.06,2018-02-13
Call of Cthulhu,XOne,Role-Playing,Focus Home Interactive,0.05,,,0.01,0.05,2018-10-30
Metal Max Xeno,All,Role-Playing,NIS America,,,,,,2018-09-25
Metal Max Xeno,PS4,Role-Playing,NIS America,0.02,,0.03,0,0.05,2018-09-25
Battle Chasers: Nightwar,NS,Role-Playing,THQ Nordic,0.03,0.01,,0,0.05,2018-05-15
Lost Sphear,NS,Role-Playing,Square Enix,,0.02,0.02,0,0.04,2018-01-23
Megadimension Neptunia VIIR,PS4,Role-Playing,Idea Factory International,0.01,,0.03,0,0.04,2018-05-08
Shadows Awakening,XOne,Role-Playing,Kalypso Media,0.03,,,0,0.04,2018-09-04
Digimon Story: Cyber Sleuth - Hacker's Memory,PSV,Role-Playing,Namco Bandai Games,,,0.04,,0.04,2018-01-19
Immortal Unchained,PS4,Role-Playing,Sold Out,0.03,,,0.01,0.04,2018-09-07
Valkyria Chronicles 4,XOne,Role-Playing,Sega,0.03,,,0,0.04,2018-09-25
Darkest Dungeon,PS4,Role-Playing,Red Hook Studios,0.02,,0.01,0.01,0.04,2018-04-24
Secret of Mana,PSV,Role-Playing,Square Enix,,,0.04,,0.04,2018-02-15
South Park: The Stick of Truth,PS4,Role-Playing,Ubisoft,0.03,,,0.01,0.03,2018-02-13
Immortal Unchained,XOne,Role-Playing,Sold Out,0.03,,,0,0.03,2018-09-07
Darkest Dungeon,NS,Role-Playing,Merge Games,0.02,0.01,,0,0.03,2018-04-24
Utawarerumono: Chiriyukusha e no Komoriuta,PS4,Role-Playing,Aqua Plus,,,0.03,,0.03,2018-04-26
World of Final Fantasy Maxima,XOne,Role-Playing,Square Enix,0.03,,,0,0.03,2018-11-06
Divinity: Original Sin II,XOne,Role-Playing,Bandai Namco Entertainment,0.03,,,0,0.03,2018-08-31
Atelier Lydie & Suelle: The Alchemists and the Mysterious Paintings,NS,Role-Playing,Tecmo Koei,0.02,,0.01,0,0.03,2018-03-27
Shining Resonance Refrain,XOne,Role-Playing,Sega,0.02,,,0,0.03,2018-07-10
The Lost Child,NS,Role-Playing,NIS America,0.02,,,0,0.03,2018-06-19
The Legend of Heroes: Sen no Kiseki: Kai -Thors Military Academy 1204-,PS4,Role-Playing,Nihon Falcom Corporation,,,0.03,,0.03,2018-03-08
Mary Skelter: Nightmares 2,PS4,Role-Playing,Compile Heart,,,0.03,,0.03,2018-07-12
Zanki Zero: Last Beginning,PSV,Role-Playing,Spike Chunsoft,,,0.02,,0.02,2018-07-05
Lost Sphear,PS4,Role-Playing,Square Enix,,,0.02,,0.02,2018-01-23
Labyrinth of Refrain: Coven of Dusk,NS,Role-Playing,NIS America,0.02,,0.01,0,0.02,2018-09-18
South Park: The Stick of Truth,XOne,Role-Playing,Ubisoft,0.02,,,0,0.02,2018-02-13
Undertale,NS,Role-Playing,8-4,,,0.02,,0.02,2018-09-18
Touhou Genso Wanderer Reloaded,NS,Role-Playing,NIS America,0.01,,0.01,0,0.02,2018-07-17
Valthirian Arc: Hero School Story,PS4,Role-Playing,PQube,0.02,,,0,0.02,2018-09-28
Beyblade Burst: Battle Zero,NS,Role-Playing,FuRyu Corporation,,,0.02,,0.02,2018-10-25
Metal Max Xeno,PSV,Role-Playing,Kadokawa Games,,,0.02,,0.02,2018-04-19
Utawarerumono: Chiriyukusha e no Komoriuta,PSV,Role-Playing,Aqua Plus,,,0.02,,0.02,2018-04-26
Touhou Genso Wanderer Reloaded,PS4,Role-Playing,NIS America,0.01,,,0,0.02,2018-07-17
Fallen Legion: Rise to Glory,NS,Role-Playing,NIS America,0.01,,,0,0.02,2018-05-29
Banner Saga Trilogy,NS,Role-Playing,Gearbox Software,0.01,,,0,0.01,2018-09-21
God Wars: Nihon Shinwa Taisen,PS4,Role-Playing,Kadokawa Games,,,0.01,,0.01,2018-06-14
Atelier: The Alchemist of Arland 1-2-3 DX,PS4,Role-Playing,Koei Tecmo,,,0.01,,0.01,2018-09-20
Moonlighter,PS4,Role-Playing,Merge Games,0.01,,,0,0.01,2018-11-09
Hyperdimension Neptunia Re;Birth1 Plus,PS4,Role-Playing,Compile Heart,,,0.01,,0.01,2018-05-31
Lapis x Labyrinth,PS4,Role-Playing,Nippon Ichi Software,,,0.01,,0.01,2018-11-29
Lapis x Labyrinth,NS,Role-Playing,Nippon Ichi Software,,,0.01,,0.01,2018-11-29
WORKxWORK,NS,Role-Playing,FuRyu Corporation,,,0.01,,0.01,2018-10-04
Atelier: The Alchemist of Arland 1-2-3 DX,NS,Role-Playing,Koei Tecmo,,,0.01,,0.01,2018-09-20
Yuuna and the Haunted Hot Springs: Steam Dungeon,PS4,Role-Playing,FuRyu Corporation,,,0.01,,0.01,2018-11-15
God Wars: Nihon Shinwa Taisen,PSV,Role-Playing,Kadokawa Games,,,0.01,,0.01,2018-06-14
Your Four Knight Princesses Training Story,PSV,Role-Playing,Nippon Ichi Software,,,0.01,,0.01,2018-03-08
.hack//G.U. Last Recode,PC,Role-Playing,Namco Bandai Games,,,,,,2018-01-01
Cyberdimension Neptunia: 4 Goddesses Online,PC,Role-Playing,Idea Factory International,,,,,,2018-02-27
Lost Sphear,PC,Role-Playing,Square Enix,,,,,,2018-01-23
Achievement Lurker: Another one bites the dust,PC,Role-Playing,Unknown,,,,,,2018-03-31
Achievement Lurker: Ballad of the Shimapan Warrior - King of Panties,PC,Role-Playing,Unknown,,,,,,2018-04-24
Achievement Lurker: Easiest Cosmetic Numbers,PC,Role-Playing,Unknown,,,,,,2018-02-25
Achievement Lurker: We Give Up!,PC,Role-Playing,Unknown,,,,,,2018-01-11
Achievement Lurker: You are going to have to work hard for these nuts,PC,Role-Playing,Unknown,,,,,,2018-04-10
Alvastia Chronicles,And,Role-Playing,Kemco,,,,,,2018-05-24
Alvastia Chronicles,iOS,Role-Playing,Kemco,,,,,,2018-06-08
Antiquia Lost,PS4,Role-Playing,Kemco,,,,,,2018-07-31
Asdivine Hearts II,XOne,Role-Playing,Kemco,,,,,,2018-12-21
Asdivine Hearts II,iOS,Role-Playing,Kemco,,,,,,2018-04-06
Asdivine Hearts II,PC,Role-Playing,Kemco,,,,,,2018-12-19
Asdivine Hearts II,And,Role-Playing,Kemco,,,,,,2018-04-06
Atelier Lydie & Suelle: The Alchemists and the Mysterious Paintings,PC,Role-Playing,Tecmo Koei,,,,,,2018-03-27
Banner Saga 3,NS,Role-Playing,Versus Evil,,,,,,2018-07-01
Bit Dungeon Plus,NS,Role-Playing,Dolores Entertainment SL,,,,,,2018-03-08
Child of Light,NS,Role-Playing,Ubisoft,,,,,,2018-10-11
CrossCode,PC,Role-Playing,DECK13 Interactive GmbH,,,,,,2018-09-20
Damascus Gear: Operation Tokyo,NS,Role-Playing,Arc System Works,,,,,,2018-03-01
Darkest Dungeon,XOne,Role-Playing,Red Hook Studios,,,,,,2018-02-28
Desert Child,NS,Role-Playing,Akupara Games,,,,,,2018-12-11
Dragalia Lost,And,Role-Playing,Nintendo,,,,,,2018-09-27
Dragalia Lost,iOS,Role-Playing,Nintendo,,,,,,2018-09-27
Dragon Sinker,NS,Role-Playing,Kemco,,,,,,2018-02-22
Earthlock,NS,Role-Playing,Snowcastle Games,,,,,,2018-03-08
Epic Battle Fantasy 5,PC,Role-Playing,Matt Roszak,,,,,,2018-11-30
Fallout 76,All,Role-Playing,Bethesda Softworks,,,,,,2018-11-14
Fantasy Hero: Unsigned Legacy,NS,Role-Playing,Arc System Works,,,,,,2018-01-25
Fear Effect Sedna,NS,Role-Playing,Square Enix,,,,,,2018-03-06
Final Fantasy XV Multiplayer: Comrades,XOne,Role-Playing,Square Enix,,,,,,2018-12-13
Final Fantasy XV Multiplayer: Comrades,PS4,Role-Playing,Square Enix,,,,,,2018-12-13
Final Fantasy XV Pocket Edition,And,Role-Playing,Square Enix,,,,,,2018-02-08
Final Fantasy XV Pocket Edition,iOS,Role-Playing,Square Enix,,,,,,2018-02-08
Final Fantasy XV Pocket Edition,PC,Role-Playing,Square Enix,,,,,,2018-06-06
Final Fantasy XV Pocket Edition HD,NS,Role-Playing,Square Enix,,,,,,2018-09-13
Final Fantasy XV Pocket Edition HD,XOne,Role-Playing,Square Enix,,,,,,2018-09-06
Final Fantasy XV Pocket Edition HD,PS4,Role-Playing,Square Enix,,,,,,2018-09-06
Hero of the Kingdom III,PC,Role-Playing,Lonely Troops,,,,,,2018-08-30
Hyper Light Drifter - Special Edition,NS,Role-Playing,Abylight,,,,,,2018-09-06
Joe Dever's Lone Wolf,NS,Role-Playing,Forge Reply,,,,,,2018-02-16
Legrand Legacy: Tale of the Fatebounds,PC,Role-Playing,Another Indie,,,,,,2018-01-24
Moonlighter,PC,Role-Playing,11 bit studios,,,,,,2018-05-29
Moonlighter,XOne,Role-Playing,11 bit studios,,,,,,2018-05-29
Mutant Year Zero: Road to Eden Deluxe Edition,NS,Role-Playing,Funcom,,,,,,2018-12-04
NECROMANCER,WiiU,Role-Playing,Konami,,,,,,2018-02-01
NieR: Automata,XOne,Role-Playing,Square Enix,,,,,,2018-06-26
Pillars of Eternity II: Deadfire,NS,Role-Playing,Versus Evil,,,,,,2018-12-30
Reigns: Kings & Queens,NS,Role-Playing,Devolver Digital,,,,,,2018-05-01
Secret of Mana,PC,Role-Playing,Square Enix,,,,,,2018-02-15
SEGA Ages: Phantasy Star,NS,Role-Playing,Sega,,,,,,2018-12-13
Sephirothic Stories,And,Role-Playing,Kemco,,,,,,2018-10-25
Sephirothic Stories,iOS,Role-Playing,Kemco,,,,,,2018-10-25
Shadows Awakening,PC,Role-Playing,Kalypso Media,,,,,,2018-09-04
Shadows: Awakening,PS4,Role-Playing,Kalypso Media,,,,,,2018-09-04
Shining Resonance Refrain,PC,Role-Playing,Sega,,,,,,2018-12-31
South Park: The Stick of Truth,NS,Role-Playing,Ubisoft,,,,,,2018-09-25
The Swords of Ditto: Mormo's Curse,PC,Role-Playing,Devolver Digital,,,,,,2018-04-24
Valthirian Arc: Hero School Story,NS,Role-Playing,PQube,,,,,,2018-10-02
Wanderjahr: Try Again or Walk Away,NS,Role-Playing,"Corecell Technology Co.,Ltd.",,,,,,2018-02-15
World of Final Fantasy Maxima,PS4,Role-Playing,Square Enix,,,,,,2018-11-06
World of Final Fantasy Maxima,NS,Role-Playing,Square Enix,,,,,,2018-11-06
World of Final Fantasy Maxima,PC,Role-Playing,Square Enix,,,,,,2018-11-06
Xuan Yuan Sword: The Gate of Firmament,XOne,Role-Playing,E-Home Entertainment,,,,,,2018-01-24
Ys VIII: Lacrimosa of Dana,PC,Role-Playing,NIS America,,,,,,2018-12-31
Minecraft,NS,Sandbox,Mojang,0.69,0.56,0.52,0.12,1.89,2018-06-21
PixARK,PC,Sandbox,Snail Games USA,,,,,,2018-03-27
Far Cry 5,All,Shooter,Ubisoft,,,,,,2018-03-27
Call of Duty: Black Ops IIII,PS4,Shooter,Activision,4.05,3.28,0.5,1.49,9.32,2018-10-12
Battlefield V,All,Shooter,Electronic Arts,,,,,,2018-11-20
Call of Duty: Black Ops IIII,XOne,Shooter,Activision,3.27,1.12,,0.46,4.85,2018-10-12
Battlefield V,PS4,Shooter,Electronic Arts,0.8,0.93,0.16,0.34,2.22,2018-11-20
Battlefield V,XOne,Shooter,Electronic Arts,1.05,0.35,,0.15,1.55,2018-11-20
Earth Defense Force 5,All,Shooter,D3 Publisher,,,,,,2018-12-11
Fortnite,NS,Shooter,Warner Bros. Interactive Entertainment,0.38,0.24,0.01,0.06,0.69,2018-11-16
Insurgency: Sandstorm,PC,Shooter,Focus Home Interactive,,,,,,2018-12-12
Firewall: Zero Hour,PS4,Shooter,Sony Interactive Entertainment,0.14,0.16,0.02,0.06,0.37,2018-08-29
Destiny 2: Forsaken,PS4,Shooter,Activision,0.19,0.11,,0.06,0.36,2018-09-04
PlayerUnknown's Battlegrounds,PS4,Shooter,Sony Interactive Entertainment,0.13,0.15,,0.05,0.33,2018-12-07
Earth Defense Force 5,PS4,Shooter,D3 Publisher,,,,,,2018-12-11
Bravo Team,PS4,Shooter,Sony Interactive Entertainment,0.12,0.09,0.02,0.04,0.27,2018-03-06
Battle Royale Trainer,PC,Shooter,Trickjump Games Ltd,,,,,,2018-01-04
Call of Duty: Modern Warfare Remastered,PC,Shooter,Activision,,,,,,2018-01-01
Destiny 2: Forsaken,XOne,Shooter,Activision,0.08,0.04,,0.01,0.13,2018-09-04
Call of Duty: Black Ops IIII,PC,Shooter,Activision,0.05,0.07,,0.01,0.13,2018-10-12
Payday 2,NS,Shooter,505 Games,0.08,0.02,,0.01,0.12,2018-02-27
Wolfenstein II: The New Colossus,NS,Shooter,Bethesda Softworks,0.05,0.05,,0.01,0.11,2018-06-29
AXYOS,PC,Shooter,Axyos Games,,,,,,2018-08-01
World War 3,PC,Shooter,The Farm 51,,,,,,2018-10-20
Battlefield V,PC,Shooter,Electronic Arts,,0.09,,0.01,0.1,2018-11-20
Red Faction: Guerrilla Re-Mars-tered,PS4,Shooter,THQ Nordic,0.04,0.04,,0.02,0.09,2018-07-03
Borderlands 2 VR,PS4,Shooter,2K Games,0.07,,,0.02,0.09,2018-12-14
Strange Brigade,PS4,Shooter,Rebellion Developments,0.05,0.03,,0.02,0.09,2018-08-28
Wild Guns Reloaded,NS,Shooter,Natsume,0.06,,,0.01,0.07,2018-04-17
DUSK,PC,Shooter,New Blood Interactive,,,,,,2018-12-18
Strange Brigade,XOne,Shooter,Rebellion Developments,0.04,0.01,,0.01,0.05,2018-08-28
Red Faction: Guerrilla Re-Mars-tered,XOne,Shooter,THQ Nordic,0.04,0.01,,0,0.05,2018-07-03
Black Clover: Quartet Knights,PS4,Shooter,Bandai Namco Entertainment,0.02,,0.01,0,0.04,2018-09-14
Operation Warcade,PS4,Shooter,Perpetual,0.03,,,0.01,0.04,2018-09-04
Hunting Simulator,NS,Shooter,Bigben Interactive,0.02,,,0,0.02,2018-07-10
Destiny 2: Forsaken,PC,Shooter,Activision,,0.02,,0,0.02,2018-09-04
Tempest 4000,XOne,Shooter,Atari,0.01,,,0,0.01,2018-07-27
Big Buck Hunter Arcade,NS,Shooter,GameMill Entertainment,0.01,,,0,0.01,2018-10-16
Tempest 4000,PS4,Shooter,Atari,0.01,,,0,0.01,2018-07-27
Mothergunship,XOne,Shooter,Sold Out,0.01,,,0,0.01,2018-08-24
Mothergunship,PS4,Shooter,Sold Out,0.01,,,0,0.01,2018-08-24
Gungrave VR,PS4,Shooter,Xseed Games,0.01,,,0,0.01,2018-12-11
Brothers in Arms: Furious 4,PS4,Shooter,Ubisoft,,,,,,2018-12-31
Brothers in Arms: Furious 4,XOne,Shooter,Ubisoft,,,,,,2018-12-31
H1Z1,PC,Shooter,Daybreak Games,,,,,,2018-02-28
H1Z1: Battle Royale,PS4,Shooter,Daybreak Games,,,,,,2018-05-22
Space Hulk: Deathwing,XOne,Shooter,Focus Home Interactive,,,,,,2018-12-31
Red Faction: Guerrilla Re-Mars-tered,PC,Shooter,THQ Nordic,,,,,,2018-07-03
ACA NEOGEO AERO FIGHTERS 3,XOne,Shooter,Hamster Corporation,,,,,,2018-03-15
ACA NEOGEO BLAZING STAR,XOne,Shooter,Hamster Corporation,,,,,,2018-02-08
Aperion Cyberstorm,NS,Shooter,aPriori Digital,,,,,,2018-02-08
Arcade Archives: Heroic Episode,NS,Shooter,Hamster Corporation,,,,,,2018-02-22
Blasters of the Universe,PS4,Shooter,Secret Location,,,,,,2018-02-27
ChromaGun,NS,Shooter,Pixel Maniacs,,,,,,2018-01-22
Everspace,PS4,Shooter,Badland Games,,,,,,2018-11-27
Immortal Redneck,XOne,Shooter,CremaGames,,,,,,2018-02-27
Immortal Redneck,NS,Shooter,CremaGames,,,,,,2018-05-10
Immortal Redneck,PS4,Shooter,CremaGames,,,,,,2018-02-27
Masked Forces,WiiU,Shooter,R.G.B. SRL,,,,,,2018-05-31
Omega Strike,PS4,Shooter,Digerati,,,,,,2018-06-12
Paladins,All,Shooter,Hi-Rez Studios,,,,,,2018-05-08
Paladins,NS,Shooter,Hi-Rez Studios,,,,,,2018-06-12
Paladins,PC,Shooter,Hi-Rez Studios,,,,,,2018-05-08
Paranautical Activity,NS,Shooter,Digerati,,,,,,2018-06-28
PlayerUnknown's Battlegrounds Mobile,iOS,Shooter,Tencent Games,,,,,,2018-03-19
PlayerUnknown's Battlegrounds Mobile,And,Shooter,Tencent Games,,,,,,2018-03-19
Project Warlock,PC,Shooter,Crunching Koalas,,,,,,2018-10-18
R-Type Dimensions EX,PC,Shooter,Tozai Games,,,,,,2018-11-28
R-Type Dimensions EX,NS,Shooter,Tozai Games,,,,,,2018-11-28
R-Type Dimensions EX,PS4,Shooter,Tozai Games,,,,,,2018-12-19
RTO 2,WiiU,Shooter,nuGAME,,,,,,2018-03-01
Scintillatron 4096,PSV,Shooter,kFunction Ltd,,,,,,2018-12-18
Seeking Dawn,PC,Shooter,Multiverse,,,,,,2018-07-12
Sky Force Anniversary,NS,Shooter,Infinite Dreams Inc.,,,,,,2018-11-08
Sky Force Reloaded,NS,Shooter,Infinite Dreams Inc.,,,,,,2018-02-01
Strange Brigade,PC,Shooter,Rebellion Developments,,,,,,2018-08-28
Super Destronaut DX,PSV,Shooter,Ratalaika Games,,,,,,2018-07-17
Super Destronaut DX,PS4,Shooter,Ratalaika Games,,,,,,2018-07-17
Super Destronaut DX,PC,Shooter,Ratalaika Games,,,,,,2018-07-13
Super Destronaut DX,NS,Shooter,Ratalaika Games,,,,,,2018-07-13
Super Destronaut DX,XOne,Shooter,Ratalaika Games,,,,,,2018-07-11
The Forest,Series,Simulation,Endnight Games Ltd,,,,,,2018-04-30
Jurassic World Evolution,All,Simulation,Frontier Developments,,,,,,2018-06-12
Farming Simulator 19,All,Simulation,Focus Home Interactive,,,,,,2018-11-19
Football Manager 2019,All,Simulation,Sega,,,,,,2018-11-02
Two Point Hospital,PC,Simulation,Sega,,,,,,2018-08-30
Farming Simulator 19,PC,Simulation,Focus Home Interactive,,0.55,,0.03,0.58,2018-11-20
Jurassic World Evolution,PC,Simulation,Frontier Developments,,,,,,2018-07-03
Jurassic World Evolution,PS4,Simulation,Frontier Developments,0.14,0.25,,0.08,0.47,2018-07-03
Farming Simulator 19,PS4,Simulation,Focus Home Interactive,0.13,0.26,,0.07,0.47,2018-11-20
Farming Simulator 19,XOne,Simulation,Focus Home Interactive,0.19,0.09,,0.03,0.32,2018-11-20
Overcooked! 2,NS,Simulation,Sold Out,0.17,0.09,0.01,0.03,0.29,2018-08-07
Jurassic World Evolution,XOne,Simulation,Frontier Developments,0.15,0.09,,0.02,0.26,2018-07-03
Harvest Moon: Light of Hope,NS,Simulation,Natsume,0.12,0.03,,0.02,0.17,2018-05-29
Overcooked! 2,PS4,Simulation,Sold Out,0.07,0.06,,0.03,0.16,2018-08-07
Little Dragons Café,NS,Simulation,Aksys Games,0.09,,0.02,0.01,0.13,2018-08-24
Super Seducer,Series,Simulation,RLR Training Inc,,,,,,2018-03-06
Farm Together,PC,Simulation,Milkstone Studios,,,,,,2018-10-11
Staxel,PC,Simulation,Humble Bundle,,,,,,2018-01-23
Overcooked Special Edition,NS,Simulation,Team 17,0.08,0.01,,0.01,0.11,2018-02-13
Football Manager 2019,PC,Simulation,Sega,,0.1,,0.01,0.11,2018-11-02
Slime Rancher,PS4,Simulation,Skybound Games,0.08,,,0.02,0.1,2018-09-04
Monster Prom,PC,Simulation,Those Awesome Guys,,,,,,2018-04-27
Zone of the Enders: The 2nd Runner MARS,PS4,Simulation,Konami,0.05,0.01,0.03,0.01,0.1,2018-09-04
Slime Rancher,XOne,Simulation,Skybound Games,0.08,,,0.01,0.1,2018-09-04
Train Sim World,PS4,Simulation,Maximum Games,0.05,0.03,,0.02,0.09,2018-07-24
Overcooked! 2,XOne,Simulation,Sold Out,0.07,0,,0.01,0.08,2018-08-07
Rick & Morty Virtual Rick-Ality,PS4,Simulation,Nighthawk Interactive,0.06,,,0.01,0.08,2018-04-24
Harvest Moon: Light of Hope,PS4,Simulation,Natsume,0.06,,,0.01,0.07,2018-05-29
Bass Pro Shops: The Strike - Championship Edition,NS,Simulation,Planet Entertainment,0.06,,,0.01,0.07,2018-11-09
Cabela's The Hunt: Championship Edition Bundle,NS,Simulation,Planet Entertainment,0.06,,,0.01,0.07,2018-11-09
The Sims 4: Get Famous,PC,Simulation,Electronic Arts,,0.06,,0,0.06,2018-11-16
The Sims 4 Seasons,PC,Simulation,Electronic Arts,,0.05,,0,0.05,2018-06-22
The Long Dark,XOne,Simulation,Skybound Games,0.05,,,0.01,0.05,2018-09-04
The Long Dark,PS4,Simulation,Skybound Games,0.04,,,0.01,0.05,2018-09-04
Little Dragons Café,PS4,Simulation,Aksys Games,0.03,,0.01,0.01,0.05,2018-08-24
My Riding Stables: Life with Horses,NS,Simulation,TREVA Entertainment,0.04,,,0.01,0.05,2018-11-13
Fishing Sim World,PS4,Simulation,Dovetail Games,0.04,,,0.01,0.05,2018-09-18
Surviving Mars,XOne,Simulation,Maximum Games,0.04,,,0.01,0.05,2018-03-15
Fishing Sim World,XOne,Simulation,Dovetail Games,0.04,,,0.01,0.05,2018-09-18
The Settlers History Collection,PC,Simulation,Ubisoft,,0.04,,0,0.04,2018-11-15
Pure Farming 2018,PS4,Simulation,Techland,0.02,0.01,,0.01,0.04,2018-03-13
My Riding Stables: Life with Horses,PS4,Simulation,TREVA Entertainment,0.03,,,0.01,0.04,2018-11-13
Surviving Mars,PS4,Simulation,Maximum Games,0.03,,,0.01,0.04,2018-03-15
Railway Empire,XOne,Simulation,Kalypso Media,0.03,,,0,0.03,2018-01-30
Pure Farming 2018,XOne,Simulation,Techland,0.03,,,0,0.03,2018-03-13
Railway Empire,PS4,Simulation,Kalypso Media,0.02,,0,0.01,0.03,2018-01-30
Train Sim World,XOne,Simulation,Maximum Games,0.03,,,0,0.03,2018-07-24
Bridge Constructor Portal,PS4,Simulation,Nighthawk Interactive,0.02,,,0.01,0.03,2018-08-28
Air Missions: Hind,PS4,Simulation,Soedesco,0.02,,,0,0.03,2018-10-09
Cats Together,NS,Simulation,Bandai Namco Games,,,0.02,,0.02,2018-11-01
Cats Together,3DS,Simulation,Bandai Namco Games,,,0.02,,0.02,2018-11-21
Gal Gun 2,NS,Simulation,PQube,0.01,,0.01,0,0.02,2018-04-24
Project Highrise: Architect's Edition,PS4,Simulation,Kalypso Media,0.01,,,0,0.02,2018-11-13
Project Highrise: Architect's Edition,NS,Simulation,Kalypso Media,0.01,,,0,0.02,2018-11-13
Tour de France 2018,PS4,Simulation,Focus Home Interactive,,0.01,,0,0.02,2018-06-28
Rapala Fishing Pro Series,NS,Simulation,GameMill Entertainment,0.01,,,0,0.02,2018-10-16
Project Highrise: Architect's Edition,XOne,Simulation,Kalypso Media,0.01,,,0,0.01,2018-11-13
Gal Gun 2,PS4,Simulation,PQube,,,0.01,,0.01,2018-04-24
Neo Atlas 1469,NS,Simulation,Studio Artdink,,,0.01,,0.01,2018-04-19
Happy Manager: Shiawase Zhuang no Kanrinin San,PS4,Simulation,D3 Publisher,,,0.01,,0.01,2018-01-11
Pure Farming 2018,PC,Simulation,Techland,,0,,0,0,2018-03-13
Railway Empire,PC,Simulation,Kalypso Media,,0,,0,0,2018-01-30
Pro Cycling Manager 2018,PC,Simulation,Focus Home Interactive,,0,,0,0,2018-06-28
Fallout Shelter,NS,Simulation,Bethesda Softworks,,,,,,2018-06-10
Akogare Girls Collection: Wan Nyan Doubutsu Byouin Pet no Oisha-san ni Narou!,3DS,Simulation,Nippon Columbia,,,,,,2018-03-15
Amorous,PC,Simulation,Snaggletooth Studios,,,,,,2018-04-13
Bomber Crew,XOne,Simulation,Curve Digital,,,,,,2018-07-10
Bridge Constructor Portal,NS,Simulation,Headup Games,,,,,,2018-02-28
Catch & Release,PC,Simulation,Advanced Interactive Gaming Ltd.,,,,,,2018-06-07
Catch & Release,PS4,Simulation,metricminds GmbH & Co. KG,,,,,,2018-08-28
Cities: Skylines,NS,Simulation,Paradox Interactive,,,,,,2018-09-14
"Cook, Serve, Delicious! 2!!",PS4,Simulation,Vertigo Gaming Inc.,,,,,,2018-12-18
Cultist Simulator,PC,Simulation,Humble Bundle,,,,,,2018-05-31
Farm Expert 2018,NS,Simulation,SimFabric,,,,,,2018-03-30
Fishing Sim World,PC,Simulation,Dovetail Games,,,,,,2018-09-18
Franchise Hockey Manager 5,PC,Simulation,Out of the Park Developments,,,,,,2018-10-05
Island Flight Simulator,NS,Simulation,Libredia Entertainment,,,,,,2018-02-01
Need a Packet?,PC,Simulation,Marginal act,,,,,,2018-08-20
Oh...Sir! The Hollywood Roast,NS,Simulation,Gambitious,,,,,,2018-01-18
Oh...Sir! The Insult Simulator,NS,Simulation,Gambitious,,,,,,2018-01-18
Pro Basketball Manager 2019,PC,Simulation,Nacon,,,,,,2018-11-21
Pro Fishing Simulator,PC,Simulation,Bigben Interactive,,,,,,2018-11-29
Realpolitiks,NS,Simulation,Jujubee S.A.,,,,,,2018-08-30
RollerCoaster Tycoon Adventures,NS,Simulation,Atari,,,,,,2018-12-13
Skies of Fury DX,NS,Simulation,Illumination Games,,,,,,2018-04-12
Sparkle 3 Genesis,NS,Simulation,Forever Entertainment S.A.,,,,,,2018-03-15
Stardew Valley,iOS,Simulation,Chucklefish,,,,,,2018-10-24
Stardew Valley,PSV,Simulation,Chucklefish,,,,,,2018-05-22
Surviving Mars,All,Simulation,Paradox Interactive,,,,,,2018-03-15
Surviving Mars,PC,Simulation,Paradox Interactive,,,,,,2018-03-15
The Trail: Frontier Challenge,NS,Simulation,Kongregate,,,,,,2018-03-08
Tour de France 2018,XOne,Simulation,Focus Home Interactive,,,,,,2018-06-28
Zone of the Enders: The 2nd Runner MARS,PC,Simulation,Konami,,,,,,2018-09-06
Zoo Tycoon: Ultimate Animal Collection,PC,Simulation,THQ Nordic,,,,,,2018-09-14
FIFA 19,All,Sports,EA Sports,,,,,,2018-09-28
NBA 2K19,All,Sports,2K Sports,,,,,,2018-09-11
FIFA 19,PS4,Sports,Electronic Arts,0.84,6.87,0.1,1.34,9.15,2018-09-28
Mario Tennis Aces,NS,Sports,Nintendo,,,,,,2018-06-22
NBA 2K19,PS4,Sports,2K Sports,1.69,0.44,0.03,0.47,2.63,2018-09-11
FIFA 19,XOne,Sports,Electronic Arts,0.56,1.5,,0.16,2.22,2018-09-28
Madden NFL 19,PS4,Sports,EA Sports,1.63,0.18,,0.41,2.21,2018-08-10
NBA 2K19,XOne,Sports,2K Sports,1.47,0.08,,0.18,1.74,2018-09-11
Madden NFL 19,XOne,Sports,EA Sports,1.33,0.02,,0.16,1.51,2018-08-10
MLB The Show 18,PS4,Sports,Sony Interactive Entertainment,0.86,,,0.2,1.06,2018-03-27
EA Sports UFC 3,PS4,Sports,EA Sports,0.4,0.41,0.01,0.16,0.97,2018-02-02
FIFA 19,NS,Sports,Electronic Arts,0.18,0.47,0.06,0.05,0.75,2018-09-28
Tennis World Tour,All,Sports,Bigben Interactive,,,,,,2018-05-22
Pro Evolution Soccer 2019,PS4,Sports,Konami,0.06,0.23,0.15,0.05,0.5,2018-08-28
EA Sports UFC 3,XOne,Sports,EA Sports,0.3,0.1,,0.04,0.44,2018-02-02
NHL 19,PS4,Sports,EA Sports,0.26,0.09,,0.08,0.43,2018-09-14
Rocket League,NS,Sports,505 Games,0.21,0.16,,0.03,0.4,2018-01-16
NBA 2K19,NS,Sports,2K Sports,0.24,0.02,0.01,0.03,0.3,2018-09-11
NHL 19,XOne,Sports,EA Sports,0.26,,,0.03,0.29,2018-09-14
Jikkyou Powerful Pro Baseball 2018,PS4,Sports,Konami,,,0.26,,0.26,2018-04-26
NBA Live 19,PS4,Sports,Electronic Arts,0.15,,,0.04,0.19,2018-09-07
Creed: Rise to Glory,PS4,Sports,Sony Interactive Entertainment,0.15,,,0.04,0.19,2018-09-25
Sports Party,NS,Sports,Ubisoft,0.06,0.1,,0.01,0.17,2018-10-30
NBA Live 19,XOne,Sports,Electronic Arts,0.13,,,0.02,0.15,2018-09-07
NBA 2K Playgrounds 2,NS,Sports,2K Games,0.07,0.05,,0.01,0.14,2018-11-09
R.B.I. Baseball 18,XOne,Sports,MLB Advanced Media,0.12,,,0.01,0.13,2018-03-20
R.B.I. Baseball 18,NS,Sports,MLB Advanced Media,0.12,,,0.01,0.13,2018-03-20
Pro Yakyuu Famista Evolution,NS,Sports,Bandai Namco Games,,,0.12,,0.12,2018-08-02
Jikkyou Powerful Pro Baseball 2018,PSV,Sports,Konami,,,0.12,,0.12,2018-04-26
Mutant Football League: Dynasty Edition,NS,Sports,Nighthawk Interactive,0.08,,,0.01,0.09,2018-10-30
NBA 2K Playgrounds 2,PS4,Sports,2K Games,0.06,,,0.01,0.08,2018-10-16
R.B.I. Baseball 18,PS4,Sports,MLB Advanced Media,0.06,,,0.01,0.07,2018-03-20
Mutant Football League: Dynasty Edition,PS4,Sports,Nighthawk Interactive,0.05,,,0.01,0.07,2018-10-30
FIFA 19,X360,Sports,Electronic Arts,,0.06,,0,0.06,2018-09-28
Golf Club 2019,PS4,Sports,2K Games,0.05,,,0.01,0.06,2018-11-13
NBA 2K Playgrounds 2,XOne,Sports,2K Games,0.05,,,0.01,0.06,2018-10-16
Pro Evolution Soccer 2019,XOne,Sports,Konami,0.02,0.02,,0,0.05,2018-08-28
Golf Club 2019,XOne,Sports,2K Games,0.05,,,0.01,0.05,2018-11-13
8 to Glory: The Official Game of the PBR,PS4,Sports,THQ Nordic,0.03,,,0.01,0.04,2018-10-30
Mutant Football League: Dynasty Edition,XOne,Sports,Nighthawk Interactive,0.03,,,0,0.04,2018-10-30
Tennis World Tour,PS4,Sports,Bigben Interactive,0.03,,0.01,0.01,0.04,2018-05-22
FIFA 19,PS3,Sports,Electronic Arts,,0.03,,0.01,0.04,2018-09-28
Tennis World Tour,XOne,Sports,Bigben Interactive,0.03,,,0,0.04,2018-05-22
Legendary Fishing,PS4,Sports,Ubisoft,0.02,,,0,0.03,2018-09-18
8 to Glory: The Official Game of the PBR,XOne,Sports,THQ Nordic,0.02,,,0,0.02,2018-10-30
Winning Post 8 2018,PS4,Sports,Koei Tecmo,,,0.02,,0.02,2018-03-15
Crayola Scoot,PS4,Sports,Outright Games,0.01,,,0,0.02,2018-10-16
Tennis World Tour,NS,Sports,Bigben Interactive,0.02,,,0,0.02,2018-07-10
Crayola Scoot,XOne,Sports,Outright Games,0.01,,,0,0.02,2018-10-16
Crayola Scoot,NS,Sports,Outright Games,0.01,,,0,0.01,2018-10-16
Winning Post 8 2018,NS,Sports,Koei Tecmo,,,0.01,,0.01,2018-03-15
Winning Post 8 2018,PSV,Sports,Koei Tecmo,,,0.01,,0.01,2018-03-15
Legendary Fishing,NS,Sports,Ubisoft,0.01,,0,0,0.01,2018-09-18
3D MiniGolf,NS,Sports,Merge Games,,,,,,2018-02-01
ACA NEOGEO 2020 SUPER BASEBALL,NS,Sports,Hamster Corporation,,,,,,2018-02-08
ACA NEOGEO 2020 SUPER BASEBALL,XOne,Sports,Hamster Corporation,,,,,,2018-04-27
ACA NEOGEO BASEBALL STARS PROFESSIONAL,XOne,Sports,Hamster Corporation,,,,,,2018-05-17
ACA NEOGEO BASEBALL STARS PROFESSIONAL,NS,Sports,Hamster Corporation,,,,,,2018-05-17
ACA NEOGEO LEAGUE BOWLING,XOne,Sports,Hamster Corporation,,,,,,2018-07-19
ACA NEOGEO LEAGUE BOWLING,NS,Sports,Hamster Corporation,,,,,,2018-07-19
ACA NEOGEO POWER SPIKES II,NS,Sports,Hamster Corporation,,,,,,2018-01-18
ACA NEOGEO POWER SPIKES II,XOne,Sports,Hamster Corporation,,,,,,2018-01-18
ACA NEOGEO POWER SPIKES II,PS4,Sports,Hamster Corporation,,,,,,2018-04-19
ACA NEOGEO STAKES WINNER,PS4,Sports,Hamster Corporation,,,,,,2018-06-08
ACA NEOGEO STAKES WINNER,XOne,Sports,Hamster Corporation,,,,,,2018-05-02
ACA NEOGEO STAKES WINNER,NS,Sports,Hamster Corporation,,,,,,2018-05-02
ACA NEOGEO SUPER SIDEKICKS 2,NS,Sports,Hamster Corporation,,,,,,2018-05-10
ACA NEOGEO SUPER SIDEKICKS 2,PS4,Sports,Hamster Corporation,,,,,,2018-06-08
ACA NEOGEO SUPER SIDEKICKS 2,XOne,Sports,Hamster Corporation,,,,,,2018-05-10
ACA NEOGEO SUPER SIDEKICKS 3 : THE NEXT GLORY,XOne,Sports,Hamster Corporation,,,,,,2018-06-14
ACA NEOGEO SUPER SIDEKICKS 3 : THE NEXT GLORY,NS,Sports,Hamster Corporation,,,,,,2018-06-14
ACA NEOGEO TOP PLAYER'S GOLF,NS,Sports,Hamster Corporation,,,,,,2018-05-24
ACA NEOGEO TOP PLAYERS GOLF,XOne,Sports,Hamster Corporation,,,,,,2018-05-24
Air Hockey,NS,Sports,Sabec Limited,,,,,,2018-02-28
AO International Tennis,PS4,Sports,Big Ant Studios,,,,,,2018-05-08
AO International Tennis,XOne,Sports,Big Ant Studios,,,,,,2018-05-08
AO International Tennis,PC,Sports,Big Ant Studios,,,,,,2018-05-08
Ashes Cricket,PS4,Sports,Koch Media,,,,,,2018-11-16
Axis Football 2018,PC,Sports,Unknown,,,,,,2018-09-14
ClusterPuck 99,NS,Sports,Coatsink Software,,,,,,2018-03-29
Crayola Scoot,PC,Sports,Outright Games,,,,,,2018-10-16
Disc Jam,NS,Sports,High Horse Entertainment,,,,,,2018-02-08
FIFA 19,PC,Sports,Electronic Arts,,,,,,2018-09-28
Floor Kids,NS,Sports,MERJ Media,,,,,,2018-01-01
My Little Riding Champion,XOne,Sports,Bigben Interactive,,,,,,2018-11-29
My Little Riding Champion,PC,Sports,Toplitz Productions,,,,,,2018-11-29
My Little Riding Champion,PS4,Sports,Bigben Interactive,,,,,,2018-11-29
NBA 2K19,PC,Sports,2K Sports,,,,,,2018-09-11
NBA Playgrounds,NS,Sports,Saber Interactive,,,,,,2018-01-04
Pilot Sports,NS,Sports,EuroVideo Medien,,,,,,2018-09-27
POOL,NS,Sports,Sabec Limited,,,,,,2018-02-20
Pool BILLIARD,NS,Sports,D3Publisher,,,,,,2018-02-15
Premium Pool Arena,NS,Sports,Bigben Interactive,,,,,,2018-02-06
Pro Evolution Soccer 2019,PC,Sports,Konami,,,,,,2018-08-28
Steep,NS,Sports,Ubisoft,,,,,,2018-12-01
Super Sportmatchen,NS,Sports,DANGEN Entertainment,,,,,,2018-05-24
Tennis,NS,Sports,D3Publisher,,,,,,2018-01-25
Tennis World Tour,PC,Sports,Bigben Interactive,,,,,,2018-05-22
Winning Post 8 2018,PC,Sports,Koei Tecmo,,,,,,2018-03-15
Frostpunk,PC,Strategy,11 bit studios,,,,,,2018-04-24
Pit People,PC,Strategy,The Behemoth,,,,,,2018-03-02
Sid Meier's Civilization VI,NS,Strategy,2K Games,0.12,0.11,0.01,0.02,0.25,2018-11-16
Total War Saga: Thrones of Britannia,PC,Strategy,Sega,,,,,,2018-05-03
Valkyria Chronicles 4,NS,Strategy,Sega,0.12,0.04,0.02,0.02,0.19,2018-09-25
Super Robot Wars X,PS4,Strategy,Bandai Namco Games,,,0.13,,0.13,2018-03-29
8-Bit Armies,PC,Strategy,Soedesco,,,,,,2018-09-21
The Banner Saga Trilogy - Bonus Edition,PS4,Strategy,505 Games,0.06,,,0.01,0.07,2018-07-27
Super Robot Wars X,PSV,Strategy,Bandai Namco Games,,,0.07,,0.07,2018-03-29
Nobunaga's Ambition: Taishi,PS4,Strategy,Koei Tecmo,0.01,,0.05,0,0.06,2018-06-05
The Banner Saga Trilogy - Bonus Edition,XOne,Strategy,505 Games,0.05,,,0.01,0.05,2018-07-27
SD Gundam G Generation Genesis,NS,Strategy,Bandai Namco Games,,,0.04,,0.04,2018-04-26
8-Bit Armies,PS4,Strategy,Soedesco,0.03,,,0.01,0.03,2018-09-21
8-Bit Armies,XOne,Strategy,Soedesco,0.03,,,0,0.03,2018-09-21
God Wars The Complete Legend,NS,Strategy,NIS America,0.01,,0.01,0,0.03,2018-09-04
Sudden Strike 4,XOne,Strategy,Kalypso Media,0.02,,,0,0.02,2018-06-26
Space Hulk Tactics,PS4,Strategy,Focus Home Interactive,0.02,,,0,0.02,2018-10-09
This Is the Police 2,PS4,Strategy,THQ Nordic,0.02,,,0,0.02,2018-09-25
Armello,PS4,Strategy,League of Geeks,0.02,,,0,0.02,2018-03-13
This Is the Police 2,XOne,Strategy,THQ Nordic,0.02,,,0,0.02,2018-09-25
Space Hulk Tactics,XOne,Strategy,Focus Home Interactive,0.02,,,0,0.02,2018-10-09
Future Card Buddyfight: Tanjou! Oretachi no Saikyou Body!,3DS,Strategy,FuRyu Corporation,,,0.02,,0.02,2018-03-15
Mercenaries Saga Chronicles,NS,Strategy,PM Studios,0.01,,,0,0.01,2018-09-11
This Is the Police 2,NS,Strategy,THQ Nordic,0.01,,,0,0.01,2018-09-25
Jagged Alliance: Rage!,PS4,Strategy,THQ Nordic,0.01,,,0,0.01,2018-12-07
Jagged Alliance: Rage!,XOne,Strategy,THQ Nordic,0.01,,,0,0.01,2018-12-07
Pit People,XOne,Strategy,The Behemoth,,,,,,2018-03-02
12 Labours of Hercules VII: Fleecing the Fleece,PC,Strategy,Jetdogs Studios,,,,,,2018-01-12
12 Labours of Hercules VIII: How I Met Megara,PC,Strategy,Jetdogs Studios,,,,,,2018-12-26
8-Bit Armies,NS,Strategy,Soedesco,,,,,,2018-09-21
911 Operator,NS,Strategy,SONKA,,,,,,2018-10-26
Age of Empires: Definitive Edition,PC,Strategy,Microsoft Studios,,,,,,2018-02-20
Ambition of the Slimes,NS,Strategy,Flyhigh Works,,,,,,2018-01-18
Attack of the Earthlings,PC,Strategy,Junkfish Limited,,,,,,2018-02-08
Blast Zone! Tournament,PC,Strategy,Victory Lap Games,,,,,,2018-07-31
Door Kickers: Action Squad,PC,Strategy,KillHouse Games,,,,,,2018-09-10
Fairyland: Blackberry Warrior,PC,Strategy,Naarassusi Publisher,,,,,,2018-07-16
Fairyland: Chronicle,PC,Strategy,Naarassusi Publisher,,,,,,2018-04-16
Fairyland: Fairylines,PC,Strategy,Naarassusi Publisher,,,,,,2018-11-06
Fairyland: Power Dice,PC,Strategy,Naarassusi Publisher,,,,,,2018-07-09
Fairyland: The Guild,PC,Strategy,Naarassusi Publisher,,,,,,2018-09-07
Game Dev Story,NS,Strategy,Kairosoft Co. Ltd,,,,,,2018-10-11
Into the Breach,NS,Strategy,Subset Games,,,,,,2018-08-28
Into the Breach,PC,Strategy,Subset Games,,,,,,2018-02-27
Jagged Alliance: Rage!,PC,Strategy,HandyGames,,,,,,2018-12-07
Kingdom Rush Origins,PC,Strategy,Ironhide Game Studio,,,,,,2018-10-18
Kingdom Two Crowns,NS,Strategy,Raw Fury,,,,,,2018-12-11
Mad Carnage,NS,Strategy,QubicGames,,,,,,2018-02-02
Mars or Die!,PC,Strategy,34BigThings srl,,,,,,2018-07-13
Microcosmum: Survival of Cells,PC,Strategy,Satur Entertainment,,,,,,2018-06-24
Moorhuhn Knights & Castles,NS,Strategy,Young Fun Studio,,,,,,2018-01-11
Mutant Year Zero: Road to Eden,PC,Strategy,Funcom,,,,,,2018-12-04
Mutant Year Zero: Road to Eden,PS4,Strategy,Funcom,,,,,,2018-12-04
Mutant Year Zero: Road to Eden,XOne,Strategy,Funcom,,,,,,2018-12-04
Of Mice and Sand: Revised,NS,Strategy,Arc System Works,,,,,,2018-01-11
Sid Meier's Civilization VI: Rise and Fall,PC,Strategy,2K Games,,,,,,2018-02-08
The Banner Saga,NS,Strategy,Versus Evil,,,,,,2018-05-17
The Banner Saga 2,NS,Strategy,Versus Evil,,,,,,2018-06-07
The Banner Saga 3,NS,Strategy,Versus Evil,,,,,,2018-07-26
This Is the Police 2,PC,Strategy,THQ Nordic,,,,,,2018-07-31
Valkyria Chronicles,NS,Strategy,Sega,,,,,,2018-10-16
Valkyria Chronicles 4,PC,Strategy,Sega,,,,,,2018-09-25
Wasteland 2: Director's Cut,NS,Strategy,inXile Entertainment,,,,,,2018-09-13
World Conqueror X,NS,Strategy,CIRCLE Entertainment,,,,,,2018-03-08
Code: Realize - Bouquet of Rainbows,PS4,Visual+Novel,Aksys Games,0.02,,,0.01,0.03,2018-03-30
Collar x Malice: Unlimited,PSV,Visual+Novel,Idea Factory,,,0.02,,0.02,2018-07-26
428: Shibuya Scramble,PS4,Visual+Novel,Spike Chunsoft,0.01,,0.01,0,0.02,2018-09-04
Higurashi no Naku Koro ni Hou,NS,Visual+Novel,Entergram,,,0.02,,0.02,2018-07-26
Pioneer no Banshou,PSV,Visual+Novel,Idea Factory,,,0.02,,0.02,2018-08-30
Harukanaru Toki no Naka de Ultimate,PSV,Visual+Novel,Koei Tecmo,,,0.01,,0.01,2018-02-22
Ikemen Sengoku: Toki o Kakeru Koi - Aratanaru Deai,PSV,Visual+Novel,Idea Factory,,,0.01,,0.01,2018-03-22
La Corda d'Oro 3,PSV,Visual+Novel,Koei Tecmo,,,0.01,,0.01,2018-09-20
Killer and Strawberry,PSV,Visual+Novel,Broccoli,,,0.01,,0.01,2018-08-23
London Detective Mysteria,PSV,Visual+Novel,Xseed Games,,,0.01,,0.01,2018-12-18
Doukoku Soshite... Doukoku Soshite...,PS4,Visual+Novel,El Dia,,,0.01,,0.01,2018-04-26
Tokimeki Restaurant: Project Tristars,PSV,Visual+Novel,KOEI,,,0.01,,0.01,2018-02-22
"Tengai ni Mau, Iki na Hana",PSV,Visual+Novel,Idea Factory,,,0.01,,0.01,2018-04-26
Doukoku Soshite... Doukoku Soshite...,PSV,Visual+Novel,El Dia,,,0.01,,0.01,2018-04-26
Steins;Gate Elite,PSV,Visual+Novel,5pb,,,0.01,,0.01,2018-09-20
Vitamin X: Destination,PSV,Visual+Novel,D3Publisher,,,0.01,,0.01,2018-02-22
Grisaia Phantom Trigger 03 & 04,PSV,Visual+Novel,Prototype,,,0.01,,0.01,2018-08-02
Maitetsu: Pure Station,PS4,Visual+Novel,Yeti,,,0.01,,0.01,2018-07-26
Memories Off: Innocent File,PS4,Visual+Novel,MAGES,,,0.01,,0.01,2018-03-29
Flowers: Le volume sur hiver,PSV,Visual+Novel,Prototype,,,0.01,,0.01,2018-03-16
Nil Admirari no Tenbin: Irodori Nadeshiko,NS,Visual+Novel,Idea Factory,,,0.01,,0.01,2018-09-20
Sengoku Hime 7: Sen'un Tsuranuku Guren no Ishi,PSV,Visual+Novel,System Soft Alpha,,,0.01,,0.01,2018-10-11
Kimi no Hitomi ni Hit Me,PSV,Visual+Novel,Entergram,,,0.01,,0.01,2018-02-22
Lucky Dog 1,PSV,Visual+Novel,Prototype,,,0.01,,0.01,2018-03-08
Shiro to Kuro no Alice: Twilight Line,PSV,Visual+Novel,Idea Factory,,,0.01,,0.01,2018-11-15
Cafe Cuillere,PSV,Visual+Novel,Takuyo,,,0.01,,0.01,2018-01-01
Koshotengai no Hashihime Noma,PSV,Visual+Novel,Dramatic Create,,,0.01,,0.01,2018-09-27
Saiaku Naru Saiyaku Ningen ni Sasagu,PS4,Visual+Novel,Kemco,,,0.01,,0.01,2018-08-23
Amatsutsumi,PSV,Visual+Novel,Prototype,,,0.01,,0.01,2018-05-17
Dance with Devils: My Carol,PSV,Visual+Novel,Rejet,,,0.01,,0.01,2018-03-22
Memories Off: Innocent File,PSV,Visual+Novel,MAGES,,,0.01,,0.01,2018-03-29
Sweet Pool,PSV,Visual+Novel,Dramatic Create,,,0.01,,0.01,2018-05-31
Daitoshokan no Hitsujikai: Library Party,NS,Visual+Novel,Aria,,,0,,0,2018-07-26
Cendrillon palikA,NS,Visual+Novel,Idea Factory,,,0,,0,2018-10-25
Sanzen Sekai Yuugi: Re Multi Universe Myself,PSV,Visual+Novel,Dramatic Create,,,0,,0,2018-09-27
Clannad,PS4,Visual+Novel,Prototype,,,0,,0,2018-06-14
Hakuoki: Shinkai - Fuukaden,NS,Visual+Novel,Idea Factory,,,0,,0,2018-09-06
Floral Flowlove,PSV,Visual+Novel,Entergram,,,0,,0,2018-08-23
Natsuiro Kokoro Log,PSV,Visual+Novel,Dramatic Create,,,0,,0,2018-04-26
"Nora, Princess, and Stray Cat",PS4,Visual+Novel,Harukaze,,,0,,0,2018-10-25
D.S.: Dal Segno,PSV,Visual+Novel,Entergram,,,0,,0,2018-03-22
Hello Lady! Superior Dynamis,PSV,Visual+Novel,Dramatic Create,,,0,,0,2018-01-25
Boku to Nurse no Kenshuu Nisshi,PS4,Visual+Novel,Entergram,,,0,,0,2018-08-23
Kanojo Step,PSV,Visual+Novel,Piacci,,,0,,0,2018-03-21
Seven Days: Anata to Sugosu Nanokakan,PSV,Visual+Novel,Prototype,,,0,,0,2018-07-05
"Nora, Princess, and Stray Cat",NS,Visual+Novel,Harukaze,,,0,,0,2018-10-25
Memories Off: Innocent File,NS,Visual+Novel,5pb,,,0,,0,2018-10-25
Enkan no Memoria: Kakera Tomoshi,PSV,Visual+Novel,Dramatic Create,,,0,,0,2018-03-29
Boku to Nurse no Kenshuu Nisshi,PC,Visual+Novel,Entergram,,,,,,2018-08-23
Boku to Nurse no Kenshuu Nisshi,PSV,Visual+Novel,Entergram,,,,,,2018-08-23
D.S.: Dal Segno,PS4,Visual+Novel,Entergram,,,,,,2018-03-22
Floral Flowlove,PS4,Visual+Novel,Entergram,,,,,,2018-08-23
Floral Flowlove,PC,Visual+Novel,Entergram,,,,,,2018-08-23
Hakuoki: Edo Blossoms,PSV,Visual+Novel,Idea Factory,,,,,,2018-04-24
Mhakna Gramura and Fairy Bell,PC,Visual+Novel,Alice in Dissonance,,,,,,2018-02-19
MONMUSU,PC,Visual+Novel,NEKO WORKs,,,,,,2018-05-12
Muv-Luv,PSV,Visual+Novel,PQube,,,,,,2018-06-26
Muv-Luv Alternative,PSV,Visual+Novel,PQube,,,,,,2018-06-26
My Girlfriend is a Mermaid!?,PC,Visual+Novel,Sekai Project,,,,,,2018-09-08
Nekopara,NS,Visual+Novel,Sekai Project,,,,,,2018-12-30
Sisters In Hotel: Episode 2,PC,Visual+Novel,bch waves studio,,,,,,2018-04-02
The 25th Ward: The Silver Case,PC,Visual+Novel,NIS America,,,,,,2018-03-13
The 25th Ward: The Silver Case,PS4,Visual+Novel,NIS America,,,,,,2018-03-13
The Mind's Eclipse,PC,Visual+Novel,Mind's Eclipse Interactive,,,,,,2018-01-25
The Three Kingdoms Love Story ~ The Art of Otome!,NS,Visual+Novel,Prototype,,,,,,2018-11-22
The Walking Dead - A Telltale Series - The Final Season,XOne,Visual+Novel,Telltale Games,,,,,,2018-08-14
Without Within 3,PC,Visual+Novel,InvertMouse,,,,,,2018-05-03
World End Syndrome,PSV,Visual+Novel,Arc System Works,,,,,,2018-04-26
World End Syndrome,PS4,Visual+Novel,Arc System Works,,,,,,2018-04-26